INSERT INTO Ciudades VALUES ('BOG','Bogota');
INSERT INTO Ciudades VALUES ('MED','Medellin');
INSERT INTO Ciudades VALUES ('CAL','Cali');





INSERT INTO Hoteles VALUES ('H001','Hotel Andes','Dir 1','300000001','Desc','BOG');
INSERT INTO Hoteles VALUES ('H002','Hotel Sol','Dir 2','300000002','Desc','MED');
INSERT INTO Hoteles VALUES ('H003','Hotel Luna','Dir 3','300000003','Desc','CAL');
INSERT INTO Hoteles VALUES ('H004','Hotel Estrella','Dir 4','300000004','Desc','BOG');
INSERT INTO Hoteles VALUES ('H005','Hotel Caro','Dir 5','300000005','Desc','MED');
INSERT INTO Hoteles VALUES ('H006','Hotel Rojas','Dir 6','300000006','Desc','CAL');
INSERT INTO Hoteles VALUES ('H007','Hotel Salcedo','Dir 7','300000007','Desc','BOG');
INSERT INTO Hoteles VALUES ('H008','Hotel Margarita','Dir 8','300000008','Desc','MED');
INSERT INTO Hoteles VALUES ('H009','Hotel Rosas','Dir 9','300000009','Desc','CAL');
INSERT INTO Hoteles VALUES ('H010','Hotel Solecitos','Dir 10','300000010','Desc','BOG');
INSERT INTO Hoteles VALUES ('H011','Hotel Helados','Dir 11','300000011','Desc','MED');
INSERT INTO Hoteles VALUES ('H012','Hotel Saturno','Dir 12','300000012','Desc','CAL');
INSERT INTO Hoteles VALUES ('H013','Hotel Oracle','Dir 13','300000013','Desc','BOG');
INSERT INTO Hoteles VALUES ('H014','Hotel Apple','Dir 14','300000014','Desc','MED');
INSERT INTO Hoteles VALUES ('H015','Hotel Samsung','Dir 15','300000015','Desc','CAL');






INSERT INTO Usuarios VALUES ('U0001','Nombre1','Apellido1','correo1@mail.com','310000001');
INSERT INTO Clientes VALUES ('U0001',1001);

INSERT INTO Usuarios VALUES ('U0002','Nombre2','Apellido2','correo2@mail.com','310000002');
INSERT INTO Clientes VALUES ('U0002',1002);

INSERT INTO Usuarios VALUES ('U0003','Nombre3','Apellido3','correo3@mail.com','310000003');
INSERT INTO Clientes VALUES ('U0003',1003);

INSERT INTO Usuarios VALUES ('U0004','Nombre4','Apellido4','correo4@mail.com','310000004');
INSERT INTO Clientes VALUES ('U0004',1004);

INSERT INTO Usuarios VALUES ('U0005','Nombre5','Apellido5','correo5@mail.com','310000005');
INSERT INTO Clientes VALUES ('U0005',1005);

INSERT INTO Usuarios VALUES ('U0006','Nombre6','Apellido6','correo6@mail.com','310000006');
INSERT INTO Clientes VALUES ('U0006',1006);

INSERT INTO Usuarios VALUES ('U0007','Nombre7','Apellido7','correo7@mail.com','310000007');
INSERT INTO Clientes VALUES ('U0007',1007);

INSERT INTO Usuarios VALUES ('U0008','Nombre8','Apellido8','correo8@mail.com','310000008');
INSERT INTO Clientes VALUES ('U0008',1008);

INSERT INTO Usuarios VALUES ('U0009','Nombre9','Apellido9','correo9@mail.com','310000009');
INSERT INTO Clientes VALUES ('U0009',1009);

INSERT INTO Usuarios VALUES ('U0010','Nombre10','Apellido10','correo10@mail.com','310000010');
INSERT INTO Clientes VALUES ('U0010',1010);

INSERT INTO Usuarios VALUES ('U0011','Nombre11','Apellido11','correo11@mail.com','310000011');
INSERT INTO Clientes VALUES ('U0011',1011);

INSERT INTO Usuarios VALUES ('U0012','Nombre12','Apellido12','correo12@mail.com','310000012');
INSERT INTO Clientes VALUES ('U0012',1012);

INSERT INTO Usuarios VALUES ('U0013','Nombre13','Apellido13','correo13@mail.com','310000013');
INSERT INTO Clientes VALUES ('U0013',1013);

INSERT INTO Usuarios VALUES ('U0014','Nombre14','Apellido14','correo14@mail.com','310000014');
INSERT INTO Clientes VALUES ('U0014',1014);

INSERT INTO Usuarios VALUES ('U0015','Nombre15','Apellido15','correo15@mail.com','310000015');
INSERT INTO Clientes VALUES ('U0015',1015);

INSERT INTO Usuarios VALUES ('U0016','Nombre16','Apellido16','correo16@mail.com','310000016');
INSERT INTO Clientes VALUES ('U0016',1016);

INSERT INTO Usuarios VALUES ('U0017','Nombre17','Apellido17','correo17@mail.com','310000017');
INSERT INTO Clientes VALUES ('U0017',1017);

INSERT INTO Usuarios VALUES ('U0018','Nombre18','Apellido18','correo18@mail.com','310000018');
INSERT INTO Clientes VALUES ('U0018',1018);

INSERT INTO Usuarios VALUES ('U0019','Nombre19','Apellido19','correo19@mail.com','310000019');
INSERT INTO Clientes VALUES ('U0019',1019);

INSERT INTO Usuarios VALUES ('U0020','Nombre20','Apellido20','correo20@mail.com','310000020');
INSERT INTO Clientes VALUES ('U0020',1020);

INSERT INTO Usuarios VALUES ('U0021','Nombre21','Apellido21','correo21@mail.com','310000021');
INSERT INTO Clientes VALUES ('U0021',1021);

INSERT INTO Usuarios VALUES ('U0022','Nombre22','Apellido22','correo22@mail.com','310000022');
INSERT INTO Clientes VALUES ('U0022',1022);

INSERT INTO Usuarios VALUES ('U0023','Nombre23','Apellido23','correo23@mail.com','310000023');
INSERT INTO Clientes VALUES ('U0023',1023);

INSERT INTO Usuarios VALUES ('U0024','Nombre24','Apellido24','correo24@mail.com','310000024');
INSERT INTO Clientes VALUES ('U0024',1024);

INSERT INTO Usuarios VALUES ('U0025','Nombre25','Apellido25','correo25@mail.com','310000025');
INSERT INTO Clientes VALUES ('U0025',1025);

INSERT INTO Usuarios VALUES ('U0026','Nombre26','Apellido26','correo26@mail.com','310000026');
INSERT INTO Clientes VALUES ('U0026',1026);

INSERT INTO Usuarios VALUES ('U0027','Nombre27','Apellido27','correo27@mail.com','310000027');
INSERT INTO Clientes VALUES ('U0027',1027);

INSERT INTO Usuarios VALUES ('U0028','Nombre28','Apellido28','correo28@mail.com','310000028');
INSERT INTO Clientes VALUES ('U0028',1028);

INSERT INTO Usuarios VALUES ('U0029','Nombre29','Apellido29','correo29@mail.com','310000029');
INSERT INTO Clientes VALUES ('U0029',1029);

INSERT INTO Usuarios VALUES ('U0030','Nombre30','Apellido30','correo30@mail.com','310000030');
INSERT INTO Clientes VALUES ('U0030',1030);

INSERT INTO Usuarios VALUES ('U0031','Nombre31','Apellido31','correo31@mail.com','310000031');
INSERT INTO Clientes VALUES ('U0031',1031);

INSERT INTO Usuarios VALUES ('U0032','Nombre32','Apellido32','correo32@mail.com','310000032');
INSERT INTO Clientes VALUES ('U0032',1032);

INSERT INTO Usuarios VALUES ('U0033','Nombre33','Apellido33','correo33@mail.com','310000033');
INSERT INTO Clientes VALUES ('U0033',1033);

INSERT INTO Usuarios VALUES ('U0034','Nombre34','Apellido34','correo34@mail.com','310000034');
INSERT INTO Clientes VALUES ('U0034',1034);

INSERT INTO Usuarios VALUES ('U0035','Nombre35','Apellido35','correo35@mail.com','310000035');
INSERT INTO Clientes VALUES ('U0035',1035);

INSERT INTO Usuarios VALUES ('U0036','Nombre36','Apellido36','correo36@mail.com','310000036');
INSERT INTO Clientes VALUES ('U0036',1036);

INSERT INTO Usuarios VALUES ('U0037','Nombre37','Apellido37','correo37@mail.com','310000037');
INSERT INTO Clientes VALUES ('U0037',1037);

INSERT INTO Usuarios VALUES ('U0038','Nombre38','Apellido38','correo38@mail.com','310000038');
INSERT INTO Clientes VALUES ('U0038',1038);

INSERT INTO Usuarios VALUES ('U0039','Nombre39','Apellido39','correo39@mail.com','310000039');
INSERT INTO Clientes VALUES ('U0039',1039);

INSERT INTO Usuarios VALUES ('U0040','Nombre40','Apellido40','correo40@mail.com','310000040');
INSERT INTO Clientes VALUES ('U0040',1040);

INSERT INTO Usuarios VALUES ('U0041','Nombre41','Apellido41','correo41@mail.com','310000041');
INSERT INTO Clientes VALUES ('U0041',1041);

INSERT INTO Usuarios VALUES ('U0042','Nombre42','Apellido42','correo42@mail.com','310000042');
INSERT INTO Clientes VALUES ('U0042',1042);

INSERT INTO Usuarios VALUES ('U0043','Nombre43','Apellido43','correo43@mail.com','310000043');
INSERT INTO Clientes VALUES ('U0043',1043);

INSERT INTO Usuarios VALUES ('U0044','Nombre44','Apellido44','correo44@mail.com','310000044');
INSERT INTO Clientes VALUES ('U0044',1044);

INSERT INTO Usuarios VALUES ('U0045','Nombre45','Apellido45','correo45@mail.com','310000045');
INSERT INTO Clientes VALUES ('U0045',1045);

INSERT INTO Usuarios VALUES ('U0046','Nombre46','Apellido46','correo46@mail.com','310000046');
INSERT INTO Clientes VALUES ('U0046',1046);

INSERT INTO Usuarios VALUES ('U0047','Nombre47','Apellido47','correo47@mail.com','310000047');
INSERT INTO Clientes VALUES ('U0047',1047);

INSERT INTO Usuarios VALUES ('U0048','Nombre48','Apellido48','correo48@mail.com','310000048');
INSERT INTO Clientes VALUES ('U0048',1048);

INSERT INTO Usuarios VALUES ('U0049','Nombre49','Apellido49','correo49@mail.com','310000049');
INSERT INTO Clientes VALUES ('U0049',1049);

INSERT INTO Usuarios VALUES ('U0050','Nombre50','Apellido50','correo50@mail.com','310000050');
INSERT INTO Clientes VALUES ('U0050',1050);

INSERT INTO Usuarios VALUES ('U0051','Nombre51','Apellido51','correo51@mail.com','310000051');
INSERT INTO Clientes VALUES ('U0051',1051);

INSERT INTO Usuarios VALUES ('U0052','Nombre52','Apellido52','correo52@mail.com','310000052');
INSERT INTO Clientes VALUES ('U0052',1052);

INSERT INTO Usuarios VALUES ('U0053','Nombre53','Apellido53','correo53@mail.com','310000053');
INSERT INTO Clientes VALUES ('U0053',1053);

INSERT INTO Usuarios VALUES ('U0054','Nombre54','Apellido54','correo54@mail.com','310000054');
INSERT INTO Clientes VALUES ('U0054',1054);

INSERT INTO Usuarios VALUES ('U0055','Nombre55','Apellido55','correo55@mail.com','310000055');
INSERT INTO Clientes VALUES ('U0055',1055);

INSERT INTO Usuarios VALUES ('U0056','Nombre56','Apellido56','correo56@mail.com','310000056');
INSERT INTO Clientes VALUES ('U0056',1056);

INSERT INTO Usuarios VALUES ('U0057','Nombre57','Apellido57','correo57@mail.com','310000057');
INSERT INTO Clientes VALUES ('U0057',1057);

INSERT INTO Usuarios VALUES ('U0058','Nombre58','Apellido58','correo58@mail.com','310000058');
INSERT INTO Clientes VALUES ('U0058',1058);

INSERT INTO Usuarios VALUES ('U0059','Nombre59','Apellido59','correo59@mail.com','310000059');
INSERT INTO Clientes VALUES ('U0059',1059);

INSERT INTO Usuarios VALUES ('U0060','Nombre60','Apellido58','correo60@mail.com','310000060');
INSERT INTO Clientes VALUES ('U0060',1060);

INSERT INTO Usuarios VALUES ('U0061','Nombre61','Apellido61','correo61@mail.com','310000061');
INSERT INTO Clientes VALUES ('U0061',1061);

INSERT INTO Usuarios VALUES ('U0062','Nombre62','Apellido62','correo62@mail.com','310000062');
INSERT INTO Clientes VALUES ('U0062',1062);

INSERT INTO Usuarios VALUES ('U0063','Nombre63','Apellido63','correo63@mail.com','310000063');
INSERT INTO Clientes VALUES ('U0063',1063);

INSERT INTO Usuarios VALUES ('U0064','Nombre64','Apellido64','correo64@mail.com','310000064');
INSERT INTO Clientes VALUES ('U0064',1064);

INSERT INTO Usuarios VALUES ('U0065','Nombre65','Apellido65','correo65@mail.com','310000065');
INSERT INTO Clientes VALUES ('U0065',1065);

INSERT INTO Usuarios VALUES ('U0066','Nombre66','Apellido66','correo66@mail.com','310000066');
INSERT INTO Clientes VALUES ('U0066',1066);

INSERT INTO Usuarios VALUES ('U0067','Nombre67','Apellido67','correo67@mail.com','310000067');
INSERT INTO Clientes VALUES ('U0067',1067);

INSERT INTO Usuarios VALUES ('U0068','Nombre68','Apellido68','correo68@mail.com','310000068');
INSERT INTO Clientes VALUES ('U0068',1068);

INSERT INTO Usuarios VALUES ('U0069','Nombre69','Apellido69','correo69@mail.com','310000069');
INSERT INTO Clientes VALUES ('U0069',1069);

INSERT INTO Usuarios VALUES ('U0070','Nombre70','Apellido70','correo70@mail.com','310000070');
INSERT INTO Clientes VALUES ('U0070',1070);

INSERT INTO Usuarios VALUES ('U0071','Nombre71','Apellido71','correo71@mail.com','310000071');
INSERT INTO Clientes VALUES ('U0071',1071);

INSERT INTO Usuarios VALUES ('U0072','Nombre72','Apellido72','correo72@mail.com','310000072');
INSERT INTO Clientes VALUES ('U0072',1072);

INSERT INTO Usuarios VALUES ('U0073','Nombre73','Apellido73','correo73@mail.com','310000073');
INSERT INTO Clientes VALUES ('U0073',1073);

INSERT INTO Usuarios VALUES ('U0074','Nombre74','Apellido74','correo74@mail.com','310000074');
INSERT INTO Clientes VALUES ('U0074',1074);

INSERT INTO Usuarios VALUES ('U0075','Nombre75','Apellido75','correo75@mail.com','310000075');
INSERT INTO Clientes VALUES ('U0075',1075);

INSERT INTO Usuarios VALUES ('U0076','Nombre76','Apellido76','correo76@mail.com','310000076');
INSERT INTO Clientes VALUES ('U0076',1076);

INSERT INTO Usuarios VALUES ('U0077','Nombre77','Apellido77','correo77@mail.com','310000077');
INSERT INTO Clientes VALUES ('U0077',1077);

INSERT INTO Usuarios VALUES ('U0078','Nombre78','Apellido78','correo78@mail.com','310000078');
INSERT INTO Clientes VALUES ('U0078',1078);

INSERT INTO Usuarios VALUES ('U0079','Nombre79','Apellido79','correo79@mail.com','310000079');
INSERT INTO Clientes VALUES ('U0079',1079);

INSERT INTO Usuarios VALUES ('U0080','Nombre80','Apellido80','correo80@mail.com','310000080');
INSERT INTO Clientes VALUES ('U0080',1080);

INSERT INTO Usuarios VALUES ('U0081','Nombre81','Apellido81','correo81@mail.com','310000081');
INSERT INTO Clientes VALUES ('U0081',1081);

INSERT INTO Usuarios VALUES ('U0082','Nombre82','Apellido82','correo82@mail.com','310000082');
INSERT INTO Clientes VALUES ('U0082',1082);

INSERT INTO Usuarios VALUES ('U0083','Nombre83','Apellido83','correo83@mail.com','310000083');
INSERT INTO Clientes VALUES ('U0083',1083);

INSERT INTO Usuarios VALUES ('U0084','Nombre84','Apellido84','correo84@mail.com','310000084');
INSERT INTO Clientes VALUES ('U0084',1084);

INSERT INTO Usuarios VALUES ('U0085','Nombre85','Apellido85','correo85@mail.com','310000085');
INSERT INTO Clientes VALUES ('U0085',1085);

INSERT INTO Usuarios VALUES ('U0086','Nombre86','Apellido86','correo86@mail.com','310000086');
INSERT INTO Clientes VALUES ('U0086',1086);

INSERT INTO Usuarios VALUES ('U0087','Nombre87','Apellido87','correo87@mail.com','310000087');
INSERT INTO Clientes VALUES ('U0087',1087);

INSERT INTO Usuarios VALUES ('U0088','Nombre88','Apellido88','correo88@mail.com','310000088');
INSERT INTO Clientes VALUES ('U0088',1088);

INSERT INTO Usuarios VALUES ('U0089','Nombre89','Apellido89','correo89@mail.com','310000089');
INSERT INTO Clientes VALUES ('U0089',1089);

INSERT INTO Usuarios VALUES ('U0090','Nombre90','Apellido90','correo90@mail.com','310000090');
INSERT INTO Clientes VALUES ('U0090',1090);

INSERT INTO Usuarios VALUES ('U0090','Nombre90','Apellido90','correo90@mail.com','310000090');
INSERT INTO Clientes VALUES ('U0090',1090);

INSERT INTO Usuarios VALUES ('U0091','Nombre91','Apellido91','correo91@mail.com','310000091');
INSERT INTO Clientes VALUES ('U0091',1091);

INSERT INTO Usuarios VALUES ('U0092','Nombre92','Apellido92','correo92@mail.com','310000092');
INSERT INTO Clientes VALUES ('U0092',1092);

INSERT INTO Usuarios VALUES ('U0093','Nombre93','Apellido93','correo93@mail.com','310000093');
INSERT INTO Clientes VALUES ('U0093',1093);

INSERT INTO Usuarios VALUES ('U0094','Nombre94','Apellido94','correo94@mail.com','310000094');
INSERT INTO Clientes VALUES ('U0094',1094);

INSERT INTO Usuarios VALUES ('U0095','Nombre95','Apellido95','correo95@mail.com','310000095');
INSERT INTO Clientes VALUES ('U0095',1095);

INSERT INTO Usuarios VALUES ('U0096','Nombre96','Apellido96','correo96@mail.com','310000096');
INSERT INTO Clientes VALUES ('U0096',1096);

INSERT INTO Usuarios VALUES ('U0097','Nombre97','Apellido97','correo97@mail.com','310000097');
INSERT INTO Clientes VALUES ('U0097',1097);

INSERT INTO Usuarios VALUES ('U0098','Nombre98','Apellido98','correo98@mail.com','310000098');
INSERT INTO Clientes VALUES ('U0098',1098);

INSERT INTO Usuarios VALUES ('U0099','Nombre99','Apellido99','correo99@mail.com','310000099');
INSERT INTO Clientes VALUES ('U0099',1099);

INSERT INTO Usuarios VALUES ('U0100','Nombre100','Apellido100','correo100@mail.com','310000100');
INSERT INTO Clientes VALUES ('U0100',1100);

INSERT INTO Usuarios VALUES ('U0101','Nombre101','Apellido101','correo101@mail.com','310000101');
INSERT INTO Clientes VALUES ('U0101',1101);

INSERT INTO Usuarios VALUES ('U0102','Nombre102','Apellido102','correo102@mail.com','310000102');
INSERT INTO Clientes VALUES ('U0102',1102);

INSERT INTO Usuarios VALUES ('U0103','Nombre103','Apellido103','correo103@mail.com','310000103');
INSERT INTO Clientes VALUES ('U0103',1103);

INSERT INTO Usuarios VALUES ('U0104','Nombre104','Apellido104','correo104@mail.com','310000104');
INSERT INTO Clientes VALUES ('U0104',1104);

INSERT INTO Usuarios VALUES ('U0105','Nombre105','Apellido105','correo105@mail.com','310000105');
INSERT INTO Clientes VALUES ('U0105',1105);

INSERT INTO Usuarios VALUES ('U0106','Nombre106','Apellido106','correo106@mail.com','310000106');
INSERT INTO Clientes VALUES ('U0106',1106);

INSERT INTO Usuarios VALUES ('U0107','Nombre107','Apellido107','correo107@mail.com','310000107');
INSERT INTO Clientes VALUES ('U0107',1107);

INSERT INTO Usuarios VALUES ('U0108','Nombre108','Apellido108','correo108@mail.com','310000108');
INSERT INTO Clientes VALUES ('U0108',1108);

INSERT INTO Usuarios VALUES ('U0109','Nombre109','Apellido109','correo109@mail.com','310000109');
INSERT INTO Clientes VALUES ('U0109',1109);

INSERT INTO Usuarios VALUES ('U0110','Nombre110','Apellido110','correo110@mail.com','310000110');
INSERT INTO Clientes VALUES ('U0110',1110);

INSERT INTO Usuarios VALUES ('U0110','Nombre110','Apellido110','correo110@mail.com','310000110');
INSERT INTO Clientes VALUES ('U0110',1110);

INSERT INTO Usuarios VALUES ('U0111','Nombre111','Apellido111','correo111@mail.com','310000111');
INSERT INTO Clientes VALUES ('U0111',1111);

INSERT INTO Usuarios VALUES ('U0112','Nombre112','Apellido112','correo112@mail.com','310000112');
INSERT INTO Clientes VALUES ('U0112',1112);

INSERT INTO Usuarios VALUES ('U0113','Nombre113','Apellido113','correo113@mail.com','310000113');
INSERT INTO Clientes VALUES ('U0113',1113);

INSERT INTO Usuarios VALUES ('U0114','Nombre114','Apellido114','correo114@mail.com','310000114');
INSERT INTO Clientes VALUES ('U0114',1114);

INSERT INTO Usuarios VALUES ('U0115','Nombre115','Apellido115','correo115@mail.com','310000115');
INSERT INTO Clientes VALUES ('U0115',1115);

INSERT INTO Usuarios VALUES ('U0116','Nombre116','Apellido116','correo116@mail.com','310000116');
INSERT INTO Clientes VALUES ('U0116',1116);

INSERT INTO Usuarios VALUES ('U0117','Nombre117','Apellido117','correo117@mail.com','310000117');
INSERT INTO Clientes VALUES ('U0117',1117);

INSERT INTO Usuarios VALUES ('U0118','Nombre118','Apellido118','correo118@mail.com','310000118');
INSERT INTO Clientes VALUES ('U0118',1118);

INSERT INTO Usuarios VALUES ('U0119','Nombre119','Apellido119','correo119@mail.com','310000119');
INSERT INTO Clientes VALUES ('U0119',1119);

INSERT INTO Usuarios VALUES ('U0120','Nombre120','Apellido120','correo120@mail.com','310000120');
INSERT INTO Clientes VALUES ('U0120',1120);

INSERT INTO Usuarios VALUES ('U0121','Nombre121','Apellido121','correo121@mail.com','310000121');
INSERT INTO Clientes VALUES ('U0121',1121);

INSERT INTO Usuarios VALUES ('U0122','Nombre122','Apellido122','correo122@mail.com','310000122');
INSERT INTO Clientes VALUES ('U0122',1122);

INSERT INTO Usuarios VALUES ('U0123','Nombre123','Apellido123','correo123@mail.com','310000123');
INSERT INTO Clientes VALUES ('U0123',1123);

INSERT INTO Usuarios VALUES ('U0124','Nombre124','Apellido124','correo124@mail.com','310000124');
INSERT INTO Clientes VALUES ('U0124',1124);

INSERT INTO Usuarios VALUES ('U0125','Nombre125','Apellido125','correo125@mail.com','310000125');
INSERT INTO Clientes VALUES ('U0125',1125);

INSERT INTO Usuarios VALUES ('U0126','Nombre126','Apellido126','correo126@mail.com','310000126');
INSERT INTO Clientes VALUES ('U0126',1126);

INSERT INTO Usuarios VALUES ('U0127','Nombre127','Apellido127','correo127@mail.com','310000127');
INSERT INTO Clientes VALUES ('U0127',1127);

INSERT INTO Usuarios VALUES ('U0128','Nombre128','Apellido128','correo128@mail.com','310000128');
INSERT INTO Clientes VALUES ('U0128',1128);

INSERT INTO Usuarios VALUES ('U0129','Nombre129','Apellido129','correo129@mail.com','310000129');
INSERT INTO Clientes VALUES ('U0129',1129);

INSERT INTO Usuarios VALUES ('U0130','Nombre130','Apellido130','correo130@mail.com','310000130');
INSERT INTO Clientes VALUES ('U0130',1130);

INSERT INTO Usuarios VALUES ('U0131','Nombre131','Apellido131','correo131@mail.com','310000131');
INSERT INTO Clientes VALUES ('U0131',1131);

INSERT INTO Usuarios VALUES ('U0132','Nombre132','Apellido132','correo132@mail.com','310000132');
INSERT INTO Clientes VALUES ('U0132',1132);

INSERT INTO Usuarios VALUES ('U0133','Nombre133','Apellido133','correo133@mail.com','310000133');
INSERT INTO Clientes VALUES ('U0133',1133);

INSERT INTO Usuarios VALUES ('U0134','Nombre134','Apellido134','correo134@mail.com','310000134');
INSERT INTO Clientes VALUES ('U0134',1134);

INSERT INTO Usuarios VALUES ('U0135','Nombre135','Apellido135','correo135@mail.com','310000135');
INSERT INTO Clientes VALUES ('U0135',1135);

INSERT INTO Usuarios VALUES ('U0136','Nombre136','Apellido136','correo136@mail.com','310000136');
INSERT INTO Clientes VALUES ('U0136',1136);

INSERT INTO Usuarios VALUES ('U0137','Nombre137','Apellido137','correo137@mail.com','310000137');
INSERT INTO Clientes VALUES ('U0137',1137);

INSERT INTO Usuarios VALUES ('U0138','Nombre138','Apellido138','correo138@mail.com','310000138');
INSERT INTO Clientes VALUES ('U0138',1138);

INSERT INTO Usuarios VALUES ('U0139','Nombre139','Apellido139','correo139@mail.com','310000139');
INSERT INTO Clientes VALUES ('U0139',1139);

INSERT INTO Usuarios VALUES ('U0140','Nombre140','Apellido140','correo140@mail.com','310000140');
INSERT INTO Clientes VALUES ('U0140',1140);

INSERT INTO Usuarios VALUES ('U0141','Nombre141','Apellido141','correo141@mail.com','310000141');
INSERT INTO Clientes VALUES ('U0141',1141);

INSERT INTO Usuarios VALUES ('U0142','Nombre142','Apellido142','correo142@mail.com','310000142');
INSERT INTO Clientes VALUES ('U0142',1142);

INSERT INTO Usuarios VALUES ('U0143','Nombre143','Apellido143','correo143@mail.com','310000143');
INSERT INTO Clientes VALUES ('U0143',1143);

INSERT INTO Usuarios VALUES ('U0144','Nombre144','Apellido144','correo144@mail.com','310000144');
INSERT INTO Clientes VALUES ('U0144',1144);

INSERT INTO Usuarios VALUES ('U0145','Nombre145','Apellido145','correo145@mail.com','310000145');
INSERT INTO Clientes VALUES ('U0145',1145);

INSERT INTO Usuarios VALUES ('U0146','Nombre146','Apellido146','correo146@mail.com','310000146');
INSERT INTO Clientes VALUES ('U0146',1146);

INSERT INTO Usuarios VALUES ('U0147','Nombre147','Apellido147','correo147@mail.com','310000147');
INSERT INTO Clientes VALUES ('U0147',1147);

INSERT INTO Usuarios VALUES ('U0148','Nombre148','Apellido148','correo148@mail.com','310000148');
INSERT INTO Clientes VALUES ('U0148',1148);

INSERT INTO Usuarios VALUES ('U0149','Nombre149','Apellido149','correo149@mail.com','310000149');
INSERT INTO Clientes VALUES ('U0149',1149);

INSERT INTO Usuarios VALUES ('U0150','Nombre150','Apellido150','correo150@mail.com','310000150');
INSERT INTO Clientes VALUES ('U0150',1150);

INSERT INTO Usuarios VALUES ('U0151','Nombre151','Apellido151','correo151@mail.com','310000151');
INSERT INTO Clientes VALUES ('U0151',1151);

INSERT INTO Usuarios VALUES ('U0152','Nombre152','Apellido152','correo152@mail.com','310000152');
INSERT INTO Clientes VALUES ('U0152',1152);

INSERT INTO Usuarios VALUES ('U0153','Nombre153','Apellido153','correo153@mail.com','310000153');
INSERT INTO Clientes VALUES ('U0153',1153);

INSERT INTO Usuarios VALUES ('U0154','Nombre154','Apellido154','correo154@mail.com','310000154');
INSERT INTO Clientes VALUES ('U0154',1154);

INSERT INTO Usuarios VALUES ('U0155','Nombre155','Apellido155','correo155@mail.com','310000155');
INSERT INTO Clientes VALUES ('U0155',1155);

INSERT INTO Usuarios VALUES ('U0156','Nombre156','Apellido156','correo156@mail.com','310000156');
INSERT INTO Clientes VALUES ('U0156',1156);

INSERT INTO Usuarios VALUES ('U0157','Nombre157','Apellido157','correo157@mail.com','310000157');
INSERT INTO Clientes VALUES ('U0157',1157);

INSERT INTO Usuarios VALUES ('U0158','Nombre158','Apellido158','correo158@mail.com','310000158');
INSERT INTO Clientes VALUES ('U0158',1158);

INSERT INTO Usuarios VALUES ('U0159','Nombre159','Apellido159','correo159@mail.com','310000159');
INSERT INTO Clientes VALUES ('U0159',1159);

INSERT INTO Usuarios VALUES ('U0160','Nombre160','Apellido160','correo160@mail.com','310000160');
INSERT INTO Clientes VALUES ('U0160',1160);

INSERT INTO Usuarios VALUES ('U0161','Nombre161','Apellido161','correo161@mail.com','310000161');
INSERT INTO Clientes VALUES ('U0161',1161);

INSERT INTO Usuarios VALUES ('U0162','Nombre162','Apellido162','correo162@mail.com','310000162');
INSERT INTO Clientes VALUES ('U0162',1162);

INSERT INTO Usuarios VALUES ('U0163','Nombre163','Apellido163','correo163@mail.com','310000163');
INSERT INTO Clientes VALUES ('U0163',1163);

INSERT INTO Usuarios VALUES ('U0164','Nombre164','Apellido164','correo164@mail.com','310000164');
INSERT INTO Clientes VALUES ('U0164',1164);

INSERT INTO Usuarios VALUES ('U0165','Nombre165','Apellido165','correo165@mail.com','310000165');
INSERT INTO Clientes VALUES ('U0165',1165);

INSERT INTO Usuarios VALUES ('U0166','Nombre166','Apellido166','correo166@mail.com','310000166');
INSERT INTO Clientes VALUES ('U0166',1166);

INSERT INTO Usuarios VALUES ('U0167','Nombre167','Apellido167','correo167@mail.com','310000167');
INSERT INTO Clientes VALUES ('U0167',1167);

INSERT INTO Usuarios VALUES ('U0168','Nombre168','Apellido168','correo168@mail.com','310000168');
INSERT INTO Clientes VALUES ('U0168',1168);

INSERT INTO Usuarios VALUES ('U0169','Nombre169','Apellido169','correo169@mail.com','310000169');
INSERT INTO Clientes VALUES ('U0169',1169);

INSERT INTO Usuarios VALUES ('U0170','Nombre170','Apellido170','correo170@mail.com','310000170');
INSERT INTO Clientes VALUES ('U0170',1170);

INSERT INTO Usuarios VALUES ('U0171','Nombre171','Apellido171','correo171@mail.com','310000171');
INSERT INTO Clientes VALUES ('U0171',1171);

INSERT INTO Usuarios VALUES ('U0172','Nombre172','Apellido172','correo172@mail.com','310000172');
INSERT INTO Clientes VALUES ('U0172',1172);

INSERT INTO Usuarios VALUES ('U0173','Nombre173','Apellido173','correo173@mail.com','310000173');
INSERT INTO Clientes VALUES ('U0173',1173);

INSERT INTO Usuarios VALUES ('U0174','Nombre174','Apellido174','correo174@mail.com','310000174');
INSERT INTO Clientes VALUES ('U0174',1174);

INSERT INTO Usuarios VALUES ('U0175','Nombre175','Apellido175','correo175@mail.com','310000175');
INSERT INTO Clientes VALUES ('U0175',1175);

INSERT INTO Usuarios VALUES ('U0176','Nombre176','Apellido176','correo176@mail.com','310000176');
INSERT INTO Clientes VALUES ('U0176',1176);

INSERT INTO Usuarios VALUES ('U0177','Nombre177','Apellido177','correo177@mail.com','310000177');
INSERT INTO Clientes VALUES ('U0177',1177);

INSERT INTO Usuarios VALUES ('U0178','Nombre178','Apellido178','correo178@mail.com','310000178');
INSERT INTO Clientes VALUES ('U0178',1178);

INSERT INTO Usuarios VALUES ('U0179','Nombre179','Apellido179','correo179@mail.com','310000179');
INSERT INTO Clientes VALUES ('U0179',1179);

INSERT INTO Usuarios VALUES ('U0180','Nombre180','Apellido180','correo180@mail.com','310000180');
INSERT INTO Clientes VALUES ('U0180',1180);

INSERT INTO Usuarios VALUES ('U0181','Nombre181','Apellido181','correo181@mail.com','310000181');
INSERT INTO Clientes VALUES ('U0181',1181);

INSERT INTO Usuarios VALUES ('U0182','Nombre182','Apellido182','correo182@mail.com','310000182');
INSERT INTO Clientes VALUES ('U0182',1182);

INSERT INTO Usuarios VALUES ('U0183','Nombre183','Apellido183','correo183@mail.com','310000183');
INSERT INTO Clientes VALUES ('U0183',1183);

INSERT INTO Usuarios VALUES ('U0184','Nombre184','Apellido184','correo184@mail.com','310000184');
INSERT INTO Clientes VALUES ('U0184',1184);

INSERT INTO Usuarios VALUES ('U0185','Nombre185','Apellido185','correo185@mail.com','310000185');
INSERT INTO Clientes VALUES ('U0185',1185);

INSERT INTO Usuarios VALUES ('U0186','Nombre186','Apellido186','correo186@mail.com','310000186');
INSERT INTO Clientes VALUES ('U0186',1186);

INSERT INTO Usuarios VALUES ('U0187','Nombre187','Apellido187','correo187@mail.com','310000187');
INSERT INTO Clientes VALUES ('U0187',1187);

INSERT INTO Usuarios VALUES ('U0188','Nombre188','Apellido188','correo188@mail.com','310000188');
INSERT INTO Clientes VALUES ('U0188',1188);

INSERT INTO Usuarios VALUES ('U0189','Nombre189','Apellido189','correo189@mail.com','310000189');
INSERT INTO Clientes VALUES ('U0189',1189);

INSERT INTO Usuarios VALUES ('U0190','Nombre190','Apellido190','correo190@mail.com','310000190');
INSERT INTO Clientes VALUES ('U0190',1190);

INSERT INTO Usuarios VALUES ('U0191','Nombre191','Apellido191','correo191@mail.com','310000191');
INSERT INTO Clientes VALUES ('U0191',1191);

INSERT INTO Usuarios VALUES ('U0192','Nombre192','Apellido192','correo192@mail.com','310000192');
INSERT INTO Clientes VALUES ('U0192',1192);

INSERT INTO Usuarios VALUES ('U0193','Nombre193','Apellido193','correo193@mail.com','310000193');
INSERT INTO Clientes VALUES ('U0193',1193);

INSERT INTO Usuarios VALUES ('U0194','Nombre194','Apellido194','correo194@mail.com','310000194');
INSERT INTO Clientes VALUES ('U0194',1194);

INSERT INTO Usuarios VALUES ('U0195','Nombre195','Apellido195','correo195@mail.com','310000195');
INSERT INTO Clientes VALUES ('U0195',1195);

INSERT INTO Usuarios VALUES ('U0196','Nombre196','Apellido196','correo196@mail.com','310000196');
INSERT INTO Clientes VALUES ('U0196',1196);

INSERT INTO Usuarios VALUES ('U0197','Nombre197','Apellido197','correo197@mail.com','310000197');
INSERT INTO Clientes VALUES ('U0197',1197);

INSERT INTO Usuarios VALUES ('U0198','Nombre198','Apellido198','correo198@mail.com','310000198');
INSERT INTO Clientes VALUES ('U0198',1198);

INSERT INTO Usuarios VALUES ('U0199','Nombre199','Apellido199','correo199@mail.com','310000199');
INSERT INTO Clientes VALUES ('U0199',1199);

INSERT INTO Usuarios VALUES ('U0200','Nombre200','Apellido200','correo200@mail.com','310000200');
INSERT INTO Clientes VALUES ('U0200',1200);

INSERT INTO Usuarios VALUES ('U0201','Nombre201','Apellido201','correo201@mail.com','310000201');
INSERT INTO Clientes VALUES ('U0201',1201);

INSERT INTO Usuarios VALUES ('U0202','Nombre202','Apellido202','correo202@mail.com','310000202');
INSERT INTO Clientes VALUES ('U0202',1202);

INSERT INTO Usuarios VALUES ('U0203','Nombre203','Apellido203','correo203@mail.com','310000203');
INSERT INTO Clientes VALUES ('U0203',1203);

INSERT INTO Usuarios VALUES ('U0204','Nombre204','Apellido204','correo204@mail.com','310000204');
INSERT INTO Clientes VALUES ('U0204',1204);

INSERT INTO Usuarios VALUES ('U0205','Nombre205','Apellido205','correo205@mail.com','310000205');
INSERT INTO Clientes VALUES ('U0205',1205);

INSERT INTO Usuarios VALUES ('U0206','Nombre206','Apellido206','correo206@mail.com','310000206');
INSERT INTO Clientes VALUES ('U0206',1206);

INSERT INTO Usuarios VALUES ('U0207','Nombre207','Apellido207','correo207@mail.com','310000207');
INSERT INTO Clientes VALUES ('U0207',1207);

INSERT INTO Usuarios VALUES ('U0208','Nombre208','Apellido208','correo208@mail.com','310000208');
INSERT INTO Clientes VALUES ('U0208',1208);

INSERT INTO Usuarios VALUES ('U0209','Nombre209','Apellido209','correo209@mail.com','310000209');
INSERT INTO Clientes VALUES ('U0209',1209);

INSERT INTO Usuarios VALUES ('U0210','Nombre210','Apellido210','correo210@mail.com','310000210');
INSERT INTO Clientes VALUES ('U0210',1210);

INSERT INTO Usuarios VALUES ('U0211','Nombre211','Apellido211','correo211@mail.com','310000211');
INSERT INTO Clientes VALUES ('U0211',1211);

INSERT INTO Usuarios VALUES ('U0212','Nombre212','Apellido212','correo212@mail.com','310000212');
INSERT INTO Clientes VALUES ('U0212',1212);

INSERT INTO Usuarios VALUES ('U0213','Nombre213','Apellido213','correo213@mail.com','310000213');
INSERT INTO Clientes VALUES ('U0213',1213);

INSERT INTO Usuarios VALUES ('U0214','Nombre214','Apellido214','correo214@mail.com','310000214');
INSERT INTO Clientes VALUES ('U0214',1214);

INSERT INTO Usuarios VALUES ('U0215','Nombre215','Apellido215','correo215@mail.com','310000215');
INSERT INTO Clientes VALUES ('U0215',1215);

INSERT INTO Usuarios VALUES ('U0216','Nombre216','Apellido216','correo216@mail.com','310000216');
INSERT INTO Clientes VALUES ('U0216',1216);

INSERT INTO Usuarios VALUES ('U0217','Nombre217','Apellido217','correo217@mail.com','310000217');
INSERT INTO Clientes VALUES ('U0217',1217);

INSERT INTO Usuarios VALUES ('U0218','Nombre218','Apellido218','correo218@mail.com','310000218');
INSERT INTO Clientes VALUES ('U0218',1218);

INSERT INTO Usuarios VALUES ('U0219','Nombre219','Apellido219','correo219@mail.com','310000219');
INSERT INTO Clientes VALUES ('U0219',1219);

INSERT INTO Usuarios VALUES ('U0220','Nombre220','Apellido220','correo220@mail.com','310000220');
INSERT INTO Clientes VALUES ('U0220',1220);

INSERT INTO Usuarios VALUES ('U0221','Nombre221','Apellido221','correo221@mail.com','310000221');
INSERT INTO Clientes VALUES ('U0221',1221);

INSERT INTO Usuarios VALUES ('U0222','Nombre222','Apellido222','correo222@mail.com','310000222');
INSERT INTO Clientes VALUES ('U0222',1222);

INSERT INTO Usuarios VALUES ('U0223','Nombre223','Apellido223','correo223@mail.com','310000223');
INSERT INTO Clientes VALUES ('U0223',1223);

INSERT INTO Usuarios VALUES ('U0224','Nombre224','Apellido224','correo224@mail.com','310000224');
INSERT INTO Clientes VALUES ('U0224',1224);

INSERT INTO Usuarios VALUES ('U0225','Nombre225','Apellido225','correo225@mail.com','310000225');
INSERT INTO Clientes VALUES ('U0225',1225);

INSERT INTO Usuarios VALUES ('U0226','Nombre226','Apellido226','correo226@mail.com','310000226');
INSERT INTO Clientes VALUES ('U0226',1226);

INSERT INTO Usuarios VALUES ('U0227','Nombre227','Apellido227','correo227@mail.com','310000227');
INSERT INTO Clientes VALUES ('U0227',1227);

INSERT INTO Usuarios VALUES ('U0228','Nombre228','Apellido228','correo228@mail.com','310000228');
INSERT INTO Clientes VALUES ('U0228',1228);

INSERT INTO Usuarios VALUES ('U0229','Nombre229','Apellido229','correo229@mail.com','310000229');
INSERT INTO Clientes VALUES ('U0229',1229);

INSERT INTO Usuarios VALUES ('U0230','Nombre230','Apellido230','correo230@mail.com','310000230');
INSERT INTO Clientes VALUES ('U0230',1230);

INSERT INTO Usuarios VALUES ('U0231','Nombre231','Apellido231','correo231@mail.com','310000231');
INSERT INTO Clientes VALUES ('U0231',1231);

INSERT INTO Usuarios VALUES ('U0232','Nombre232','Apellido232','correo232@mail.com','310000232');
INSERT INTO Clientes VALUES ('U0232',1232);

INSERT INTO Usuarios VALUES ('U0233','Nombre233','Apellido233','correo233@mail.com','310000233');
INSERT INTO Clientes VALUES ('U0233',1233);

INSERT INTO Usuarios VALUES ('U0234','Nombre234','Apellido234','correo234@mail.com','310000234');
INSERT INTO Clientes VALUES ('U0234',1234);

INSERT INTO Usuarios VALUES ('U0235','Nombre235','Apellido235','correo235@mail.com','310000235');
INSERT INTO Clientes VALUES ('U0235',1235);

INSERT INTO Usuarios VALUES ('U0236','Nombre236','Apellido236','correo236@mail.com','310000236');
INSERT INTO Clientes VALUES ('U0236',1236);

INSERT INTO Usuarios VALUES ('U0237','Nombre237','Apellido237','correo237@mail.com','310000237');
INSERT INTO Clientes VALUES ('U0237',1237);

INSERT INTO Usuarios VALUES ('U0238','Nombre238','Apellido238','correo238@mail.com','310000238');
INSERT INTO Clientes VALUES ('U0238',1238);

INSERT INTO Usuarios VALUES ('U0239','Nombre239','Apellido239','correo239@mail.com','310000239');
INSERT INTO Clientes VALUES ('U0239',1239);

INSERT INTO Usuarios VALUES ('U0240','Nombre240','Apellido240','correo240@mail.com','310000240');
INSERT INTO Clientes VALUES ('U0240',1240);

INSERT INTO Usuarios VALUES ('U0241','Nombre241','Apellido241','correo241@mail.com','310000241');
INSERT INTO Clientes VALUES ('U0241',1241);

INSERT INTO Usuarios VALUES ('U0242','Nombre242','Apellido242','correo242@mail.com','310000242');
INSERT INTO Clientes VALUES ('U0242',1242);

INSERT INTO Usuarios VALUES ('U0243','Nombre243','Apellido243','correo243@mail.com','310000243');
INSERT INTO Clientes VALUES ('U0243',1243);

INSERT INTO Usuarios VALUES ('U0244','Nombre244','Apellido244','correo244@mail.com','310000244');
INSERT INTO Clientes VALUES ('U0244',1244);

INSERT INTO Usuarios VALUES ('U0245','Nombre245','Apellido245','correo245@mail.com','310000245');
INSERT INTO Clientes VALUES ('U0245',1245);

INSERT INTO Usuarios VALUES ('U0246','Nombre246','Apellido246','correo246@mail.com','310000246');
INSERT INTO Clientes VALUES ('U0246',1246);

INSERT INTO Usuarios VALUES ('U0247','Nombre247','Apellido247','correo247@mail.com','310000247');
INSERT INTO Clientes VALUES ('U0247',1247);

INSERT INTO Usuarios VALUES ('U0248','Nombre248','Apellido248','correo248@mail.com','310000248');
INSERT INTO Clientes VALUES ('U0248',1248);

INSERT INTO Usuarios VALUES ('U0249','Nombre249','Apellido249','correo249@mail.com','310000249');
INSERT INTO Clientes VALUES ('U0249',1249);

INSERT INTO Usuarios VALUES ('U0250','Nombre250','Apellido250','correo250@mail.com','310000250');
INSERT INTO Clientes VALUES ('U0250',1250);

INSERT INTO Usuarios VALUES ('U0251','Nombre251','Apellido251','correo251@mail.com','310000251');
INSERT INTO Clientes VALUES ('U0251',1251);

INSERT INTO Usuarios VALUES ('U0252','Nombre252','Apellido252','correo252@mail.com','310000252');
INSERT INTO Clientes VALUES ('U0252',1252);

INSERT INTO Usuarios VALUES ('U0253','Nombre253','Apellido253','correo253@mail.com','310000253');
INSERT INTO Clientes VALUES ('U0253',1253);

INSERT INTO Usuarios VALUES ('U0254','Nombre254','Apellido254','correo254@mail.com','310000254');
INSERT INTO Clientes VALUES ('U0254',1254);

INSERT INTO Usuarios VALUES ('U0255','Nombre255','Apellido255','correo255@mail.com','310000255');
INSERT INTO Clientes VALUES ('U0255',1255);

INSERT INTO Usuarios VALUES ('U0256','Nombre256','Apellido256','correo256@mail.com','310000256');
INSERT INTO Clientes VALUES ('U0256',1256);

INSERT INTO Usuarios VALUES ('U0257','Nombre257','Apellido257','correo257@mail.com','310000257');
INSERT INTO Clientes VALUES ('U0257',1257);

INSERT INTO Usuarios VALUES ('U0258','Nombre258','Apellido258','correo258@mail.com','310000258');
INSERT INTO Clientes VALUES ('U0258',1258);

INSERT INTO Usuarios VALUES ('U0259','Nombre259','Apellido259','correo259@mail.com','310000259');
INSERT INTO Clientes VALUES ('U0259',1259);

INSERT INTO Usuarios VALUES ('U0260','Nombre260','Apellido260','correo260@mail.com','310000260');
INSERT INTO Clientes VALUES ('U0260',1260);

INSERT INTO Usuarios VALUES ('U0261','Nombre261','Apellido261','correo261@mail.com','310000261');
INSERT INTO Clientes VALUES ('U0261',1261);

INSERT INTO Usuarios VALUES ('U0262','Nombre262','Apellido262','correo262@mail.com','310000262');
INSERT INTO Clientes VALUES ('U0262',1262);

INSERT INTO Usuarios VALUES ('U0263','Nombre263','Apellido263','correo263@mail.com','310000263');
INSERT INTO Clientes VALUES ('U0263',1263);

INSERT INTO Usuarios VALUES ('U0264','Nombre264','Apellido264','correo264@mail.com','310000264');
INSERT INTO Clientes VALUES ('U0264',1264);

INSERT INTO Usuarios VALUES ('U0265','Nombre265','Apellido265','correo265@mail.com','310000265');
INSERT INTO Clientes VALUES ('U0265',1265);

INSERT INTO Usuarios VALUES ('U0266','Nombre266','Apellido266','correo266@mail.com','310000266');
INSERT INTO Clientes VALUES ('U0266',1266);

INSERT INTO Usuarios VALUES ('U0267','Nombre267','Apellido267','correo267@mail.com','310000267');
INSERT INTO Clientes VALUES ('U0267',1267);

INSERT INTO Usuarios VALUES ('U0268','Nombre268','Apellido268','correo268@mail.com','310000268');
INSERT INTO Clientes VALUES ('U0268',1268);

INSERT INTO Usuarios VALUES ('U0269','Nombre269','Apellido269','correo269@mail.com','310000269');
INSERT INTO Clientes VALUES ('U0269',1269);

INSERT INTO Usuarios VALUES ('U0270','Nombre270','Apellido270','correo270@mail.com','310000270');
INSERT INTO Clientes VALUES ('U0270',1270);

INSERT INTO Usuarios VALUES ('U0271','Nombre271','Apellido271','correo271@mail.com','310000271');
INSERT INTO Clientes VALUES ('U0271',1271);

INSERT INTO Usuarios VALUES ('U0272','Nombre272','Apellido272','correo272@mail.com','310000272');
INSERT INTO Clientes VALUES ('U0272',1272);

INSERT INTO Usuarios VALUES ('U0273','Nombre273','Apellido273','correo273@mail.com','310000273');
INSERT INTO Clientes VALUES ('U0273',1273);

INSERT INTO Usuarios VALUES ('U0274','Nombre274','Apellido274','correo274@mail.com','310000274');
INSERT INTO Clientes VALUES ('U0274',1274);

INSERT INTO Usuarios VALUES ('U0275','Nombre275','Apellido275','correo275@mail.com','310000275');
INSERT INTO Clientes VALUES ('U0275',1275);

INSERT INTO Usuarios VALUES ('U0276','Nombre276','Apellido276','correo276@mail.com','310000276');
INSERT INTO Clientes VALUES ('U0276',1276);

INSERT INTO Usuarios VALUES ('U0277','Nombre277','Apellido277','correo277@mail.com','310000277');
INSERT INTO Clientes VALUES ('U0277',1277);

INSERT INTO Usuarios VALUES ('U0278','Nombre278','Apellido278','correo278@mail.com','310000278');
INSERT INTO Clientes VALUES ('U0278',1278);

INSERT INTO Usuarios VALUES ('U0279','Nombre279','Apellido279','correo279@mail.com','310000279');
INSERT INTO Clientes VALUES ('U0279',1279);

INSERT INTO Usuarios VALUES ('U0280','Nombre280','Apellido280','correo280@mail.com','310000280');
INSERT INTO Clientes VALUES ('U0280',1280);

INSERT INTO Usuarios VALUES ('U0281','Nombre281','Apellido281','correo281@mail.com','310000281');
INSERT INTO Clientes VALUES ('U0281',1281);

INSERT INTO Usuarios VALUES ('U0282','Nombre282','Apellido282','correo282@mail.com','310000282');
INSERT INTO Clientes VALUES ('U0282',1282);

INSERT INTO Usuarios VALUES ('U0283','Nombre283','Apellido283','correo283@mail.com','310000283');
INSERT INTO Clientes VALUES ('U0283',1283);

INSERT INTO Usuarios VALUES ('U0284','Nombre284','Apellido284','correo284@mail.com','310000284');
INSERT INTO Clientes VALUES ('U0284',1284);

INSERT INTO Usuarios VALUES ('U0285','Nombre285','Apellido285','correo285@mail.com','310000285');
INSERT INTO Clientes VALUES ('U0285',1285);

INSERT INTO Usuarios VALUES ('U0286','Nombre286','Apellido286','correo286@mail.com','310000286');
INSERT INTO Clientes VALUES ('U0286',1286);

INSERT INTO Usuarios VALUES ('U0287','Nombre287','Apellido287','correo287@mail.com','310000287');
INSERT INTO Clientes VALUES ('U0287',1287);

INSERT INTO Usuarios VALUES ('U0288','Nombre288','Apellido288','correo288@mail.com','310000288');
INSERT INTO Clientes VALUES ('U0288',1288);

INSERT INTO Usuarios VALUES ('U0289','Nombre289','Apellido289','correo289@mail.com','310000289');
INSERT INTO Clientes VALUES ('U0289',1289);

INSERT INTO Usuarios VALUES ('U0290','Nombre290','Apellido290','correo290@mail.com','310000290');
INSERT INTO Clientes VALUES ('U0290',1290);

INSERT INTO Usuarios VALUES ('U0291','Nombre291','Apellido291','correo291@mail.com','310000291');
INSERT INTO Clientes VALUES ('U0291',1291);

INSERT INTO Usuarios VALUES ('U0292','Nombre292','Apellido292','correo292@mail.com','310000292');
INSERT INTO Clientes VALUES ('U0292',1292);

INSERT INTO Usuarios VALUES ('U0293','Nombre293','Apellido293','correo293@mail.com','310000293');
INSERT INTO Clientes VALUES ('U0293',1293);

INSERT INTO Usuarios VALUES ('U0294','Nombre294','Apellido294','correo294@mail.com','310000294');
INSERT INTO Clientes VALUES ('U0294',1294);

INSERT INTO Usuarios VALUES ('U0295','Nombre295','Apellido295','correo295@mail.com','310000295');
INSERT INTO Clientes VALUES ('U0295',1295);

INSERT INTO Usuarios VALUES ('U0296','Nombre296','Apellido296','correo296@mail.com','310000296');
INSERT INTO Clientes VALUES ('U0296',1296);

INSERT INTO Usuarios VALUES ('U0297','Nombre297','Apellido297','correo297@mail.com','310000297');
INSERT INTO Clientes VALUES ('U0297',1297);

INSERT INTO Usuarios VALUES ('U0298','Nombre298','Apellido298','correo298@mail.com','310000298');
INSERT INTO Clientes VALUES ('U0298',1298);

INSERT INTO Usuarios VALUES ('U0299','Nombre299','Apellido299','correo299@mail.com','310000299');
INSERT INTO Clientes VALUES ('U0299',1299);

INSERT INTO Usuarios VALUES ('U0300','Nombre300','Apellido300','correo300@mail.com','310000300');
INSERT INTO Clientes VALUES ('U0300',1300;









INSERT INTO Reservas VALUES ('R0001','U0001',1,SYSDATE-5,SYSDATE,2,0,2000,'ACTIVA',5,'ALTA');
INSERT INTO Reservas VALUES ('R0002','U0002',2,SYSDATE-4,SYSDATE,2,1,2100,'ACTIVA',4,'ALTA');
INSERT INTO Reservas VALUES ('R0003','U0003',3,SYSDATE-3,SYSDATE,1,0,1800,'ACTIVA',3,'BAJA');
INSERT INTO Reservas VALUES ('R0004','U0004',4,SYSDATE-2,SYSDATE,2,2,2500,'ACTIVA',2,'ALTA');

INSERT INTO Reservas VALUES ('R0005','U0005',5,SYSDATE-1,SYSDATE,2,0,2000,'ACTIVA',1,'BAJA');
INSERT INTO Reservas VALUES ('R0006','U0006',6,SYSDATE-6,SYSDATE-1,2,1,2200,'FINALIZADA',5,'ALTA');
INSERT INTO Reservas VALUES ('R0007','U0007',7,SYSDATE-7,SYSDATE-2,2,0,2100,'FINALIZADA',5,'BAJA');
INSERT INTO Reservas VALUES ('R0008','U0008',8,SYSDATE-8,SYSDATE-3,1,1,1900,'FINALIZADA',5,'ALTA');
INSERT INTO Reservas VALUES ('R0009','U0009',9,SYSDATE-9,SYSDATE-4,2,0,2000,'FINALIZADA',5,'BAJA');

INSERT INTO Reservas VALUES ('R0010','U0010',10,SYSDATE-10,SYSDATE-5,2,2,2600,'FINALIZADA',5,'ALTA');
INSERT INTO Reservas VALUES ('R0011','U0011',11,SYSDATE-5,SYSDATE,2,0,2000,'ACTIVA',5,'ALTA');
INSERT INTO Reservas VALUES ('R0012','U0012',12,SYSDATE-4,SYSDATE,2,1,2100,'ACTIVA',4,'ALTA');
INSERT INTO Reservas VALUES ('R0013','U0013',13,SYSDATE-3,SYSDATE,1,0,1800,'ACTIVA',3,'BAJA');
INSERT INTO Reservas VALUES ('R0014','U0014',14,SYSDATE-2,SYSDATE,2,2,2500,'ACTIVA',2,'ALTA');
INSERT INTO Reservas VALUES ('R0015','U0015',15,SYSDATE-1,SYSDATE,2,0,2000,'ACTIVA',1,'BAJA');

INSERT INTO Reservas VALUES ('R0016','U0016',1,SYSDATE-5,SYSDATE,2,0,2000,'ACTIVA',5,'ALTA');
INSERT INTO Reservas VALUES ('R0017','U0017',2,SYSDATE-4,SYSDATE,2,1,2100,'ACTIVA',4,'ALTA');
INSERT INTO Reservas VALUES ('R0018','U0018',3,SYSDATE-3,SYSDATE,1,0,1800,'ACTIVA',3,'BAJA');
INSERT INTO Reservas VALUES ('R0019','U0019',4,SYSDATE-2,SYSDATE,2,2,2500,'ACTIVA',2,'ALTA');

INSERT INTO Reservas VALUES ('R0020','U0020',5,SYSDATE-1,SYSDATE,2,0,2000,'ACTIVA',1,'BAJA');
INSERT INTO Reservas VALUES ('R0021','U0021',6,SYSDATE-6,SYSDATE-1,2,1,2200,'FINALIZADA',5,'ALTA');
INSERT INTO Reservas VALUES ('R0022','U0022',7,SYSDATE-7,SYSDATE-2,2,0,2100,'FINALIZADA',5,'BAJA');
INSERT INTO Reservas VALUES ('R0023','U0023',8,SYSDATE-8,SYSDATE-3,1,1,1900,'FINALIZADA',5,'ALTA');
INSERT INTO Reservas VALUES ('R0024','U0024',9,SYSDATE-9,SYSDATE-4,2,0,2000,'FINALIZADA',5,'BAJA');
INSERT INTO Reservas VALUES ('R0025','U0025',10,SYSDATE-10,SYSDATE-5,2,2,2600,'FINALIZADA',5,'ALTA');

INSERT INTO Reservas VALUES ('R0026','U0026',11,SYSDATE-5,SYSDATE,2,0,2000,'ACTIVA',5,'ALTA');
INSERT INTO Reservas VALUES ('R0027','U0027',12,SYSDATE-4,SYSDATE,2,1,2100,'ACTIVA',4,'ALTA');
INSERT INTO Reservas VALUES ('R0028','U0028',13,SYSDATE-3,SYSDATE,1,0,1800,'ACTIVA',3,'BAJA');
INSERT INTO Reservas VALUES ('R0029','U0029',14,SYSDATE-2,SYSDATE,2,2,2500,'ACTIVA',2,'ALTA');
INSERT INTO Reservas VALUES ('R0030','U0030',15,SYSDATE-1,SYSDATE,2,0,2000,'ACTIVA',1,'BAJA');

INSERT INTO Reservas VALUES ('R0031','U0031',1,SYSDATE-5,SYSDATE,2,0,2000,'ACTIVA',5,'ALTA');
INSERT INTO Reservas VALUES ('R0032','U0032',2,SYSDATE-4,SYSDATE,2,1,2100,'ACTIVA',4,'ALTA');
INSERT INTO Reservas VALUES ('R0033','U0033',3,SYSDATE-3,SYSDATE,1,0,1800,'ACTIVA',3,'BAJA');
INSERT INTO Reservas VALUES ('R0034','U0034',4,SYSDATE-2,SYSDATE,2,2,2500,'ACTIVA',2,'ALTA');
INSERT INTO Reservas VALUES ('R0035','U0035',5,SYSDATE-1,SYSDATE,2,0,2000,'ACTIVA',1,'BAJA');

INSERT INTO Reservas VALUES ('R0036','U0036',6,SYSDATE-6,SYSDATE-1,2,1,2200,'FINALIZADA',5,'ALTA');
INSERT INTO Reservas VALUES ('R0037','U0037',7,SYSDATE-7,SYSDATE-2,2,0,2100,'FINALIZADA',5,'BAJA');
INSERT INTO Reservas VALUES ('R0038','U0038',8,SYSDATE-8,SYSDATE-3,1,1,1900,'FINALIZADA',5,'ALTA');
INSERT INTO Reservas VALUES ('R0039','U0039',9,SYSDATE-9,SYSDATE-4,2,0,2000,'FINALIZADA',5,'BAJA');
INSERT INTO Reservas VALUES ('R0040','U0040',10,SYSDATE-10,SYSDATE-5,2,2,2600,'FINALIZADA',5,'ALTA');

INSERT INTO Reservas VALUES ('R0041','U0041',11,SYSDATE-5,SYSDATE,2,0,2000,'ACTIVA',5,'ALTA');
INSERT INTO Reservas VALUES ('R0042','U0042',12,SYSDATE-4,SYSDATE,2,1,2100,'ACTIVA',4,'ALTA');
INSERT INTO Reservas VALUES ('R0043','U0043',13,SYSDATE-3,SYSDATE,1,0,1800,'ACTIVA',3,'BAJA');
INSERT INTO Reservas VALUES ('R0044','U0044',14,SYSDATE-2,SYSDATE,2,2,2500,'ACTIVA',2,'ALTA');
INSERT INTO Reservas VALUES ('R0045','U0045',15,SYSDATE-1,SYSDATE,2,0,2000,'ACTIVA',1,'BAJA');

INSERT INTO Reservas VALUES ('R0046','U0046',1,SYSDATE-5,SYSDATE,2,0,2000,'ACTIVA',5,'ALTA');
INSERT INTO Reservas VALUES ('R0047','U0047',2,SYSDATE-4,SYSDATE,2,1,2100,'ACTIVA',4,'ALTA');
INSERT INTO Reservas VALUES ('R0048','U0048',3,SYSDATE-3,SYSDATE,1,0,1800,'ACTIVA',3,'BAJA');
INSERT INTO Reservas VALUES ('R0049','U0049',4,SYSDATE-2,SYSDATE,2,2,2500,'ACTIVA',2,'ALTA');
INSERT INTO Reservas VALUES ('R0050','U0050',5,SYSDATE-1,SYSDATE,2,0,2000,'ACTIVA',1,'BAJA');

INSERT INTO Reservas VALUES ('R0051','U0051',6,SYSDATE-6,SYSDATE-1,2,1,2200,'FINALIZADA',5,'ALTA');
INSERT INTO Reservas VALUES ('R0052','U0052',7,SYSDATE-7,SYSDATE-2,2,0,2100,'FINALIZADA',5,'BAJA');
INSERT INTO Reservas VALUES ('R0053','U0053',8,SYSDATE-8,SYSDATE-3,1,1,1900,'FINALIZADA',5,'ALTA');
INSERT INTO Reservas VALUES ('R0054','U0054',9,SYSDATE-9,SYSDATE-4,2,0,2000,'FINALIZADA',5,'BAJA');
INSERT INTO Reservas VALUES ('R0055','U0055',10,SYSDATE-10,SYSDATE-5,2,2,2600,'FINALIZADA',5,'ALTA');

INSERT INTO Reservas VALUES ('R0056','U0056',11,SYSDATE-5,SYSDATE,2,0,2000,'ACTIVA',5,'ALTA');
INSERT INTO Reservas VALUES ('R0057','U0057',12,SYSDATE-4,SYSDATE,2,1,2100,'ACTIVA',4,'ALTA');
INSERT INTO Reservas VALUES ('R0058','U0058',13,SYSDATE-3,SYSDATE,1,0,1800,'ACTIVA',3,'BAJA');
INSERT INTO Reservas VALUES ('R0059','U0059',14,SYSDATE-2,SYSDATE,2,2,2500,'ACTIVA',2,'ALTA');
INSERT INTO Reservas VALUES ('R0060','U0060',15,SYSDATE-1,SYSDATE,2,0,2000,'ACTIVA',1,'BAJA');

INSERT INTO Reservas VALUES ('R0061','U0061',1,SYSDATE-5,SYSDATE,2,0,2000,'ACTIVA',5,'ALTA');
INSERT INTO Reservas VALUES ('R0062','U0062',2,SYSDATE-4,SYSDATE,2,1,2100,'ACTIVA',4,'ALTA');
INSERT INTO Reservas VALUES ('R0063','U0063',3,SYSDATE-3,SYSDATE,1,0,1800,'ACTIVA',3,'BAJA');
INSERT INTO Reservas VALUES ('R0064','U0064',4,SYSDATE-2,SYSDATE,2,2,2500,'ACTIVA',2,'ALTA');
INSERT INTO Reservas VALUES ('R0065','U0065',5,SYSDATE-1,SYSDATE,2,0,2000,'ACTIVA',1,'BAJA');

INSERT INTO Reservas VALUES ('R0066','U0066',6,SYSDATE-6,SYSDATE-1,2,1,2200,'FINALIZADA',5,'ALTA');
INSERT INTO Reservas VALUES ('R0067','U0067',7,SYSDATE-7,SYSDATE-2,2,0,2100,'FINALIZADA',5,'BAJA');
INSERT INTO Reservas VALUES ('R0068','U0068',8,SYSDATE-8,SYSDATE-3,1,1,1900,'FINALIZADA',5,'ALTA');
INSERT INTO Reservas VALUES ('R0069','U0069',9,SYSDATE-9,SYSDATE-4,2,0,2000,'FINALIZADA',5,'BAJA');
INSERT INTO Reservas VALUES ('R0070','U0070',10,SYSDATE-10,SYSDATE-5,2,2,2600,'FINALIZADA',5,'ALTA');

INSERT INTO Reservas VALUES ('R0071','U0071',11,SYSDATE-5,SYSDATE,2,0,2000,'ACTIVA',5,'ALTA');
INSERT INTO Reservas VALUES ('R0072','U0072',12,SYSDATE-4,SYSDATE,2,1,2100,'ACTIVA',4,'ALTA');
INSERT INTO Reservas VALUES ('R0073','U0073',13,SYSDATE-3,SYSDATE,1,0,1800,'ACTIVA',3,'BAJA');
INSERT INTO Reservas VALUES ('R0074','U0074',14,SYSDATE-2,SYSDATE,2,2,2500,'ACTIVA',2,'ALTA');
INSERT INTO Reservas VALUES ('R0075','U0075',15,SYSDATE-1,SYSDATE,2,0,2000,'ACTIVA',1,'BAJA');

INSERT INTO Reservas VALUES ('R0076','U0076',1,SYSDATE-5,SYSDATE,2,0,2000,'ACTIVA',5,'ALTA');
INSERT INTO Reservas VALUES ('R0077','U0077',2,SYSDATE-4,SYSDATE,2,1,2100,'ACTIVA',4,'ALTA');
INSERT INTO Reservas VALUES ('R0078','U0078',3,SYSDATE-3,SYSDATE,1,0,1800,'ACTIVA',3,'BAJA');
INSERT INTO Reservas VALUES ('R0079','U0079',4,SYSDATE-2,SYSDATE,2,2,2500,'ACTIVA',2,'ALTA');
INSERT INTO Reservas VALUES ('R0080','U0080',5,SYSDATE-1,SYSDATE,2,0,2000,'ACTIVA',1,'BAJA');

INSERT INTO Reservas VALUES ('R0081','U0081',6,SYSDATE-6,SYSDATE-1,2,1,2200,'FINALIZADA',5,'ALTA');
INSERT INTO Reservas VALUES ('R0082','U0082',7,SYSDATE-7,SYSDATE-2,2,0,2100,'FINALIZADA',5,'BAJA');
INSERT INTO Reservas VALUES ('R0083','U0083',8,SYSDATE-8,SYSDATE-3,1,1,1900,'FINALIZADA',5,'ALTA');
INSERT INTO Reservas VALUES ('R0084','U0084',9,SYSDATE-9,SYSDATE-4,2,0,2000,'FINALIZADA',5,'BAJA');
INSERT INTO Reservas VALUES ('R0085','U0085',10,SYSDATE-10,SYSDATE-5,2,2,2600,'FINALIZADA',5,'ALTA');

INSERT INTO Reservas VALUES ('R0086','U0086',11,SYSDATE-5,SYSDATE,2,0,2000,'ACTIVA',5,'ALTA');
INSERT INTO Reservas VALUES ('R0087','U0087',12,SYSDATE-4,SYSDATE,2,1,2100,'ACTIVA',4,'ALTA');
INSERT INTO Reservas VALUES ('R0088','U0088',13,SYSDATE-3,SYSDATE,1,0,1800,'ACTIVA',3,'BAJA');
INSERT INTO Reservas VALUES ('R0089','U0089',14,SYSDATE-2,SYSDATE,2,2,2500,'ACTIVA',2,'ALTA');
INSERT INTO Reservas VALUES ('R0090','U0090',15,SYSDATE-1,SYSDATE,2,0,2000,'ACTIVA',1,'BAJA');

INSERT INTO Reservas VALUES ('R0091','U0091',1,SYSDATE-5,SYSDATE,2,0,2000,'ACTIVA',5,'ALTA');
INSERT INTO Reservas VALUES ('R0092','U0092',2,SYSDATE-4,SYSDATE,2,1,2100,'ACTIVA',4,'ALTA');
INSERT INTO Reservas VALUES ('R0093','U0093',3,SYSDATE-3,SYSDATE,1,0,1800,'ACTIVA',3,'BAJA');
INSERT INTO Reservas VALUES ('R0094','U0094',4,SYSDATE-2,SYSDATE,2,2,2500,'ACTIVA',2,'ALTA');
INSERT INTO Reservas VALUES ('R0095','U0095',5,SYSDATE-1,SYSDATE,2,0,2000,'ACTIVA',1,'BAJA');

INSERT INTO Reservas VALUES ('R0096','U0096',6,SYSDATE-6,SYSDATE-1,2,1,2200,'FINALIZADA',5,'ALTA');
INSERT INTO Reservas VALUES ('R0097','U0097',7,SYSDATE-7,SYSDATE-2,2,0,2100,'FINALIZADA',5,'BAJA');
INSERT INTO Reservas VALUES ('R0098','U0098',8,SYSDATE-8,SYSDATE-3,1,1,1900,'FINALIZADA',5,'ALTA');
INSERT INTO Reservas VALUES ('R0099','U0099',9,SYSDATE-9,SYSDATE-4,2,0,2000,'FINALIZADA',5,'BAJA');
INSERT INTO Reservas VALUES ('R0100','U0100',10,SYSDATE-10,SYSDATE-5,2,2,2600,'FINALIZADA',5,'ALTA');

INSERT INTO Reservas VALUES ('R0101','U0101',11,SYSDATE-5,SYSDATE,2,0,2000,'ACTIVA',5,'ALTA');
INSERT INTO Reservas VALUES ('R0102','U0102',12,SYSDATE-4,SYSDATE,2,1,2100,'ACTIVA',4,'ALTA');
INSERT INTO Reservas VALUES ('R0103','U0103',13,SYSDATE-3,SYSDATE,1,0,1800,'ACTIVA',3,'BAJA');
INSERT INTO Reservas VALUES ('R0104','U0104',14,SYSDATE-2,SYSDATE,2,2,2500,'ACTIVA',2,'ALTA');
INSERT INTO Reservas VALUES ('R0105','U0105',15,SYSDATE-1,SYSDATE,2,0,2000,'ACTIVA',1,'BAJA');

INSERT INTO Reservas VALUES ('R0106','U0106',1,SYSDATE-6,SYSDATE-1,2,1,2200,'FINALIZADA',5,'ALTA');
INSERT INTO Reservas VALUES ('R0107','U0107',2,SYSDATE-7,SYSDATE-2,2,0,2100,'FINALIZADA',5,'BAJA');
INSERT INTO Reservas VALUES ('R0108','U0108',3,SYSDATE-8,SYSDATE-3,1,1,1900,'FINALIZADA',5,'ALTA');
INSERT INTO Reservas VALUES ('R0109','U0109',4,SYSDATE-9,SYSDATE-4,2,0,2000,'FINALIZADA',5,'BAJA');
INSERT INTO Reservas VALUES ('R0110','U0110',5,SYSDATE-10,SYSDATE-5,2,2,2600,'FINALIZADA',5,'ALTA');

INSERT INTO Reservas VALUES ('R0111','U0111',6,SYSDATE-5,SYSDATE,2,0,2000,'ACTIVA',5,'ALTA');
INSERT INTO Reservas VALUES ('R0112','U0112',7,SYSDATE-4,SYSDATE,2,1,2100,'ACTIVA',4,'ALTA');
INSERT INTO Reservas VALUES ('R0113','U0113',8,SYSDATE-3,SYSDATE,1,0,1800,'ACTIVA',3,'BAJA');
INSERT INTO Reservas VALUES ('R0114','U0114',9,SYSDATE-2,SYSDATE,2,2,2500,'ACTIVA',2,'ALTA');
INSERT INTO Reservas VALUES ('R0115','U0115',10,SYSDATE-1,SYSDATE,2,0,2000,'ACTIVA',1,'BAJA');

INSERT INTO Reservas VALUES ('R0116','U0116',11,SYSDATE-6,SYSDATE-1,2,1,2200,'FINALIZADA',5,'ALTA');
INSERT INTO Reservas VALUES ('R0117','U0117',12,SYSDATE-7,SYSDATE-2,2,0,2100,'FINALIZADA',5,'BAJA');
INSERT INTO Reservas VALUES ('R0118','U0118',13,SYSDATE-8,SYSDATE-3,1,1,1900,'FINALIZADA',5,'ALTA');
INSERT INTO Reservas VALUES ('R0119','U0119',14,SYSDATE-9,SYSDATE-4,2,0,2000,'FINALIZADA',5,'BAJA');
INSERT INTO Reservas VALUES ('R0120','U0120',15,SYSDATE-10,SYSDATE-5,2,2,2600,'FINALIZADA',5,'ALTA');

INSERT INTO Reservas VALUES ('R0121','U0121',1,SYSDATE-5,SYSDATE,2,0,2000,'ACTIVA',5,'ALTA');
INSERT INTO Reservas VALUES ('R0122','U0122',2,SYSDATE-4,SYSDATE,2,1,2100,'ACTIVA',4,'ALTA');
INSERT INTO Reservas VALUES ('R0123','U0123',3,SYSDATE-3,SYSDATE,1,0,1800,'ACTIVA',3,'BAJA');
INSERT INTO Reservas VALUES ('R0124','U0124',4,SYSDATE-2,SYSDATE,2,2,2500,'ACTIVA',2,'ALTA');
INSERT INTO Reservas VALUES ('R0125','U0125',5,SYSDATE-1,SYSDATE,2,0,2000,'ACTIVA',1,'BAJA');

INSERT INTO Reservas VALUES ('R0126','U0126',6,SYSDATE-6,SYSDATE-1,2,1,2200,'FINALIZADA',5,'ALTA');
INSERT INTO Reservas VALUES ('R0127','U0127',7,SYSDATE-7,SYSDATE-2,2,0,2100,'FINALIZADA',5,'BAJA');
INSERT INTO Reservas VALUES ('R0128','U0128',8,SYSDATE-8,SYSDATE-3,1,1,1900,'FINALIZADA',5,'ALTA');
INSERT INTO Reservas VALUES ('R0129','U0129',9,SYSDATE-9,SYSDATE-4,2,0,2000,'FINALIZADA',5,'BAJA');
INSERT INTO Reservas VALUES ('R0130','U0130',10,SYSDATE-10,SYSDATE-5,2,2,2600,'FINALIZADA',5,'ALTA');

INSERT INTO Reservas VALUES ('R0131','U0131',11,SYSDATE-5,SYSDATE,2,0,2000,'ACTIVA',5,'ALTA');
INSERT INTO Reservas VALUES ('R0132','U0132',12,SYSDATE-4,SYSDATE,2,1,2100,'ACTIVA',4,'ALTA');
INSERT INTO Reservas VALUES ('R0133','U0133',13,SYSDATE-3,SYSDATE,1,0,1800,'ACTIVA',3,'BAJA');
INSERT INTO Reservas VALUES ('R0134','U0134',14,SYSDATE-2,SYSDATE,2,2,2500,'ACTIVA',2,'ALTA');
INSERT INTO Reservas VALUES ('R0135','U0135',15,SYSDATE-1,SYSDATE,2,0,2000,'ACTIVA',1,'BAJA');

INSERT INTO Reservas VALUES ('R0136','U0136',1,SYSDATE-6,SYSDATE-1,2,1,2200,'FINALIZADA',5,'ALTA');
INSERT INTO Reservas VALUES ('R0137','U0137',2,SYSDATE-7,SYSDATE-2,2,0,2100,'FINALIZADA',5,'BAJA');
INSERT INTO Reservas VALUES ('R0138','U0138',3,SYSDATE-8,SYSDATE-3,1,1,1900,'FINALIZADA',5,'ALTA');
INSERT INTO Reservas VALUES ('R0139','U0139',4,SYSDATE-9,SYSDATE-4,2,0,2000,'FINALIZADA',5,'BAJA');
INSERT INTO Reservas VALUES ('R0140','U0140',5,SYSDATE-10,SYSDATE-5,2,2,2600,'FINALIZADA',5,'ALTA');

INSERT INTO Reservas VALUES ('R0141','U0141',6,SYSDATE-5,SYSDATE,2,0,2000,'ACTIVA',5,'ALTA');
INSERT INTO Reservas VALUES ('R0142','U0142',7,SYSDATE-4,SYSDATE,2,1,2100,'ACTIVA',4,'ALTA');
INSERT INTO Reservas VALUES ('R0143','U0143',8,SYSDATE-3,SYSDATE,1,0,1800,'ACTIVA',3,'BAJA');
INSERT INTO Reservas VALUES ('R0144','U0144',9,SYSDATE-2,SYSDATE,2,2,2500,'ACTIVA',2,'ALTA');
INSERT INTO Reservas VALUES ('R0145','U0145',10,SYSDATE-1,SYSDATE,2,0,2000,'ACTIVA',1,'BAJA');

INSERT INTO Reservas VALUES ('R0146','U0146',11,SYSDATE-6,SYSDATE-1,2,1,2200,'FINALIZADA',5,'ALTA');
INSERT INTO Reservas VALUES ('R0147','U0147',12,SYSDATE-7,SYSDATE-2,2,0,2100,'FINALIZADA',5,'BAJA');
INSERT INTO Reservas VALUES ('R0148','U0148',13,SYSDATE-8,SYSDATE-3,1,1,1900,'FINALIZADA',5,'ALTA');
INSERT INTO Reservas VALUES ('R0149','U0149',14,SYSDATE-9,SYSDATE-4,2,0,2000,'FINALIZADA',5,'BAJA');
INSERT INTO Reservas VALUES ('R0150','U0150',15,SYSDATE-10,SYSDATE-5,2,2,2600,'FINALIZADA',5,'ALTA');

INSERT INTO Reservas VALUES ('R0151','U0151',1,SYSDATE-5,SYSDATE,2,0,2000,'ACTIVA',5,'ALTA');
INSERT INTO Reservas VALUES ('R0152','U0152',2,SYSDATE-4,SYSDATE,2,1,2100,'ACTIVA',4,'ALTA');
INSERT INTO Reservas VALUES ('R0153','U0153',3,SYSDATE-3,SYSDATE,1,0,1800,'ACTIVA',3,'BAJA');
INSERT INTO Reservas VALUES ('R0154','U0154',4,SYSDATE-2,SYSDATE,2,2,2500,'ACTIVA',2,'ALTA');
INSERT INTO Reservas VALUES ('R0155','U0155',5,SYSDATE-1,SYSDATE,2,0,2000,'ACTIVA',1,'BAJA');

INSERT INTO Reservas VALUES ('R0156','U0156',6,SYSDATE-6,SYSDATE-1,2,1,2200,'FINALIZADA',5,'ALTA');
INSERT INTO Reservas VALUES ('R0157','U0157',7,SYSDATE-7,SYSDATE-2,2,0,2100,'FINALIZADA',5,'BAJA');
INSERT INTO Reservas VALUES ('R0158','U0158',8,SYSDATE-8,SYSDATE-3,1,1,1900,'FINALIZADA',5,'ALTA');
INSERT INTO Reservas VALUES ('R0159','U0159',9,SYSDATE-9,SYSDATE-4,2,0,2000,'FINALIZADA',5,'BAJA');
INSERT INTO Reservas VALUES ('R0160','U0160',10,SYSDATE-10,SYSDATE-5,2,2,2600,'FINALIZADA',5,'ALTA');

INSERT INTO Reservas VALUES ('R0161','U0161',11,SYSDATE-5,SYSDATE,2,0,2000,'ACTIVA',5,'ALTA');
INSERT INTO Reservas VALUES ('R0162','U0162',12,SYSDATE-4,SYSDATE,2,1,2100,'ACTIVA',4,'ALTA');
INSERT INTO Reservas VALUES ('R0163','U0163',13,SYSDATE-3,SYSDATE,1,0,1800,'ACTIVA',3,'BAJA');
INSERT INTO Reservas VALUES ('R0164','U0164',14,SYSDATE-2,SYSDATE,2,2,2500,'ACTIVA',2,'ALTA');
INSERT INTO Reservas VALUES ('R0165','U0165',15,SYSDATE-1,SYSDATE,2,0,2000,'ACTIVA',1,'BAJA');

INSERT INTO Reservas VALUES ('R0166','U0166',1,SYSDATE-6,SYSDATE-1,2,1,2200,'FINALIZADA',5,'ALTA');
INSERT INTO Reservas VALUES ('R0167','U0167',2,SYSDATE-7,SYSDATE-2,2,0,2100,'FINALIZADA',5,'BAJA');
INSERT INTO Reservas VALUES ('R0168','U0168',3,SYSDATE-8,SYSDATE-3,1,1,1900,'FINALIZADA',5,'ALTA');
INSERT INTO Reservas VALUES ('R0169','U0169',4,SYSDATE-9,SYSDATE-4,2,0,2000,'FINALIZADA',5,'BAJA');
INSERT INTO Reservas VALUES ('R0170','U0170',5,SYSDATE-10,SYSDATE-5,2,2,2600,'FINALIZADA',5,'ALTA');

INSERT INTO Reservas VALUES ('R0171','U0171',6,SYSDATE-5,SYSDATE,2,0,2000,'ACTIVA',5,'ALTA');
INSERT INTO Reservas VALUES ('R0172','U0172',7,SYSDATE-4,SYSDATE,2,1,2100,'ACTIVA',4,'ALTA');
INSERT INTO Reservas VALUES ('R0173','U0173',8,SYSDATE-3,SYSDATE,1,0,1800,'ACTIVA',3,'BAJA');
INSERT INTO Reservas VALUES ('R0174','U0174',9,SYSDATE-2,SYSDATE,2,2,2500,'ACTIVA',2,'ALTA');
INSERT INTO Reservas VALUES ('R0175','U0175',10,SYSDATE-1,SYSDATE,2,0,2000,'ACTIVA',1,'BAJA');

INSERT INTO Reservas VALUES ('R0176','U0176',11,SYSDATE-6,SYSDATE-1,2,1,2200,'FINALIZADA',5,'ALTA');
INSERT INTO Reservas VALUES ('R0177','U0177',12,SYSDATE-7,SYSDATE-2,2,0,2100,'FINALIZADA',5,'BAJA');
INSERT INTO Reservas VALUES ('R0178','U0178',13,SYSDATE-8,SYSDATE-3,1,1,1900,'FINALIZADA',5,'ALTA');
INSERT INTO Reservas VALUES ('R0179','U0179',14,SYSDATE-9,SYSDATE-4,2,0,2000,'FINALIZADA',5,'BAJA');
INSERT INTO Reservas VALUES ('R0180','U0180',15,SYSDATE-10,SYSDATE-5,2,2,2600,'FINALIZADA',5,'ALTA');

INSERT INTO Reservas VALUES ('R0181','U0181',1,SYSDATE-5,SYSDATE,2,0,2000,'ACTIVA',5,'ALTA');
INSERT INTO Reservas VALUES ('R0182','U0182',2,SYSDATE-4,SYSDATE,2,1,2100,'ACTIVA',4,'ALTA');
INSERT INTO Reservas VALUES ('R0183','U0183',3,SYSDATE-3,SYSDATE,1,0,1800,'ACTIVA',3,'BAJA');
INSERT INTO Reservas VALUES ('R0184','U0184',4,SYSDATE-2,SYSDATE,2,2,2500,'ACTIVA',2,'ALTA');
INSERT INTO Reservas VALUES ('R0185','U0185',5,SYSDATE-1,SYSDATE,2,0,2000,'ACTIVA',1,'BAJA');

INSERT INTO Reservas VALUES ('R0186','U0186',6,SYSDATE-6,SYSDATE-1,2,1,2200,'FINALIZADA',5,'ALTA');
INSERT INTO Reservas VALUES ('R0187','U0187',7,SYSDATE-7,SYSDATE-2,2,0,2100,'FINALIZADA',5,'BAJA');
INSERT INTO Reservas VALUES ('R0186','U0186',6,SYSDATE-6,SYSDATE-1,2,1,2200,'FINALIZADA',5,'ALTA');
INSERT INTO Reservas VALUES ('R0187','U0187',7,SYSDATE-7,SYSDATE-2,2,0,2100,'FINALIZADA',5,'BAJA');
INSERT INTO Reservas VALUES ('R0188','U0188',8,SYSDATE-8,SYSDATE-3,1,1,1900,'FINALIZADA',5,'ALTA');
INSERT INTO Reservas VALUES ('R0189','U0189',9,SYSDATE-9,SYSDATE-4,2,0,2000,'FINALIZADA',5,'BAJA');
INSERT INTO Reservas VALUES ('R0190','U0190',10,SYSDATE-10,SYSDATE-5,2,2,2600,'FINALIZADA',5,'ALTA');

INSERT INTO Reservas VALUES ('R0191','U0191',6,SYSDATE-5,SYSDATE,2,0,2000,'ACTIVA',5,'ALTA');
INSERT INTO Reservas VALUES ('R0192','U0192',7,SYSDATE-4,SYSDATE,2,1,2100,'ACTIVA',4,'ALTA');
INSERT INTO Reservas VALUES ('R0193','U0193',8,SYSDATE-3,SYSDATE,1,0,1800,'ACTIVA',3,'BAJA');
INSERT INTO Reservas VALUES ('R0194','U0194',9,SYSDATE-2,SYSDATE,2,2,2500,'ACTIVA',2,'ALTA');
INSERT INTO Reservas VALUES ('R0195','U0195',10,SYSDATE-1,SYSDATE,2,0,2000,'ACTIVA',1,'BAJA');

INSERT INTO Reservas VALUES ('R0196','U0196',11,SYSDATE-6,SYSDATE-1,2,1,2200,'FINALIZADA',5,'ALTA');
INSERT INTO Reservas VALUES ('R0197','U0197',12,SYSDATE-7,SYSDATE-2,2,0,2100,'FINALIZADA',5,'BAJA');
INSERT INTO Reservas VALUES ('R0198','U0198',13,SYSDATE-8,SYSDATE-3,1,1,1900,'FINALIZADA',5,'ALTA');
INSERT INTO Reservas VALUES ('R0199','U0199',14,SYSDATE-9,SYSDATE-4,2,0,2000,'FINALIZADA',5,'BAJA');
INSERT INTO Reservas VALUES ('R0200','U0200',15,SYSDATE-10,SYSDATE-5,2,2,2600,'FINALIZADA',5,'ALTA');

INSERT INTO Reservas VALUES ('R0201','U0201',1,SYSDATE-5,SYSDATE,2,0,2000,'ACTIVA',5,'ALTA');
INSERT INTO Reservas VALUES ('R0202','U0202',2,SYSDATE-4,SYSDATE,2,1,2100,'ACTIVA',4,'ALTA');
INSERT INTO Reservas VALUES ('R0203','U0203',3,SYSDATE-3,SYSDATE,1,0,1800,'ACTIVA',3,'BAJA');
INSERT INTO Reservas VALUES ('R0204','U0204',4,SYSDATE-2,SYSDATE,2,2,2500,'ACTIVA',2,'ALTA');
INSERT INTO Reservas VALUES ('R0205','U0205',5,SYSDATE-1,SYSDATE,2,0,2000,'ACTIVA',1,'BAJA');

INSERT INTO Reservas VALUES ('R0206','U0206',6,SYSDATE-6,SYSDATE-1,2,1,2200,'FINALIZADA',5,'ALTA');
INSERT INTO Reservas VALUES ('R0207','U0207',7,SYSDATE-7,SYSDATE-2,2,0,2100,'FINALIZADA',5,'BAJA');
INSERT INTO Reservas VALUES ('R0208','U0208',8,SYSDATE-8,SYSDATE-3,1,1,1900,'FINALIZADA',5,'ALTA');
INSERT INTO Reservas VALUES ('R0209','U0209',9,SYSDATE-9,SYSDATE-4,2,0,2000,'FINALIZADA',5,'BAJA');
INSERT INTO Reservas VALUES ('R0210','U0210',10,SYSDATE-10,SYSDATE-5,2,2,2600,'FINALIZADA',5,'ALTA');

INSERT INTO Reservas VALUES ('R0211','U0211',11,SYSDATE-5,SYSDATE,2,0,2000,'ACTIVA',5,'ALTA');
INSERT INTO Reservas VALUES ('R0212','U0212',12,SYSDATE-4,SYSDATE,2,1,2100,'ACTIVA',4,'ALTA');
INSERT INTO Reservas VALUES ('R0213','U0213',13,SYSDATE-3,SYSDATE,1,0,1800,'ACTIVA',3,'BAJA');
INSERT INTO Reservas VALUES ('R0214','U0214',14,SYSDATE-2,SYSDATE,2,2,2500,'ACTIVA',2,'ALTA');
INSERT INTO Reservas VALUES ('R0215','U0215',15,SYSDATE-1,SYSDATE,2,0,2000,'ACTIVA',1,'BAJA');

INSERT INTO Reservas VALUES ('R0216','U0216',1,SYSDATE-6,SYSDATE-1,2,1,2200,'FINALIZADA',5,'ALTA');
INSERT INTO Reservas VALUES ('R0217','U0217',2,SYSDATE-7,SYSDATE-2,2,0,2100,'FINALIZADA',5,'BAJA');
INSERT INTO Reservas VALUES ('R0218','U0218',3,SYSDATE-8,SYSDATE-3,1,1,1900,'FINALIZADA',5,'ALTA');
INSERT INTO Reservas VALUES ('R0219','U0219',4,SYSDATE-9,SYSDATE-4,2,0,2000,'FINALIZADA',5,'BAJA');
INSERT INTO Reservas VALUES ('R0220','U0220',5,SYSDATE-10,SYSDATE-5,2,2,2600,'FINALIZADA',5,'ALTA');

INSERT INTO Reservas VALUES ('R0221','U0221',6,SYSDATE-5,SYSDATE,2,0,2000,'ACTIVA',5,'ALTA');
INSERT INTO Reservas VALUES ('R0222','U0222',7,SYSDATE-4,SYSDATE,2,1,2100,'ACTIVA',4,'ALTA');
INSERT INTO Reservas VALUES ('R0223','U0223',8,SYSDATE-3,SYSDATE,1,0,1800,'ACTIVA',3,'BAJA');
INSERT INTO Reservas VALUES ('R0224','U0224',9,SYSDATE-2,SYSDATE,2,2,2500,'ACTIVA',2,'ALTA');
INSERT INTO Reservas VALUES ('R0225','U0225',10,SYSDATE-1,SYSDATE,2,0,2000,'ACTIVA',1,'BAJA');

INSERT INTO Reservas VALUES ('R0226','U0226',11,SYSDATE-6,SYSDATE-1,2,1,2200,'FINALIZADA',5,'ALTA');
INSERT INTO Reservas VALUES ('R0227','U0227',12,SYSDATE-7,SYSDATE-2,2,0,2100,'FINALIZADA',5,'BAJA');
INSERT INTO Reservas VALUES ('R0228','U0228',13,SYSDATE-8,SYSDATE-3,1,1,1900,'FINALIZADA',5,'ALTA');
INSERT INTO Reservas VALUES ('R0229','U0229',14,SYSDATE-9,SYSDATE-4,2,0,2000,'FINALIZADA',5,'BAJA');
INSERT INTO Reservas VALUES ('R0230','U0230',15,SYSDATE-10,SYSDATE-5,2,2,2600,'FINALIZADA',5,'ALTA');

INSERT INTO Reservas VALUES ('R0231','U0231',1,SYSDATE-5,SYSDATE,2,0,2000,'ACTIVA',5,'ALTA');
INSERT INTO Reservas VALUES ('R0232','U0232',2,SYSDATE-4,SYSDATE,2,1,2100,'ACTIVA',4,'ALTA');
INSERT INTO Reservas VALUES ('R0233','U0233',3,SYSDATE-3,SYSDATE,1,0,1800,'ACTIVA',3,'BAJA');
INSERT INTO Reservas VALUES ('R0234','U0234',4,SYSDATE-2,SYSDATE,2,2,2500,'ACTIVA',2,'ALTA');
INSERT INTO Reservas VALUES ('R0235','U0235',5,SYSDATE-1,SYSDATE,2,0,2000,'ACTIVA',1,'BAJA');

INSERT INTO Reservas VALUES ('R0236','U0236',6,SYSDATE-6,SYSDATE-1,2,1,2200,'FINALIZADA',5,'ALTA');
INSERT INTO Reservas VALUES ('R0237','U0237',7,SYSDATE-7,SYSDATE-2,2,0,2100,'FINALIZADA',5,'BAJA');
INSERT INTO Reservas VALUES ('R0238','U0238',8,SYSDATE-8,SYSDATE-3,1,1,1900,'FINALIZADA',5,'ALTA');
INSERT INTO Reservas VALUES ('R0239','U0239',9,SYSDATE-9,SYSDATE-4,2,0,2000,'FINALIZADA',5,'BAJA');
INSERT INTO Reservas VALUES ('R0240','U0240',10,SYSDATE-10,SYSDATE-5,2,2,2600,'FINALIZADA',5,'ALTA');

INSERT INTO Reservas VALUES ('R0241','U0241',11,SYSDATE-5,SYSDATE,2,0,2000,'ACTIVA',5,'ALTA');
INSERT INTO Reservas VALUES ('R0242','U0242',12,SYSDATE-4,SYSDATE,2,1,2100,'ACTIVA',4,'ALTA');
INSERT INTO Reservas VALUES ('R0243','U0243',13,SYSDATE-3,SYSDATE,1,0,1800,'ACTIVA',3,'BAJA');
INSERT INTO Reservas VALUES ('R0244','U0244',14,SYSDATE-2,SYSDATE,2,2,2500,'ACTIVA',2,'ALTA');
INSERT INTO Reservas VALUES ('R0245','U0245',15,SYSDATE-1,SYSDATE,2,0,2000,'ACTIVA',1,'BAJA');

INSERT INTO Reservas VALUES ('R0246','U0246',1,SYSDATE-6,SYSDATE-1,2,1,2200,'FINALIZADA',5,'ALTA');
INSERT INTO Reservas VALUES ('R0247','U0247',2,SYSDATE-7,SYSDATE-2,2,0,2100,'FINALIZADA',5,'BAJA');
INSERT INTO Reservas VALUES ('R0248','U0248',3,SYSDATE-8,SYSDATE-3,1,1,1900,'FINALIZADA',5,'ALTA');
INSERT INTO Reservas VALUES ('R0249','U0249',4,SYSDATE-9,SYSDATE-4,2,0,2000,'FINALIZADA',5,'BAJA');
INSERT INTO Reservas VALUES ('R0250','U0250',5,SYSDATE-10,SYSDATE-5,2,2,2600,'FINALIZADA',5,'ALTA');

INSERT INTO Reservas VALUES ('R0251','U0251',6,SYSDATE-5,SYSDATE,2,0,2000,'ACTIVA',5,'ALTA');
INSERT INTO Reservas VALUES ('R0252','U0252',7,SYSDATE-4,SYSDATE,2,1,2100,'ACTIVA',4,'ALTA');
INSERT INTO Reservas VALUES ('R0253','U0253',8,SYSDATE-3,SYSDATE,1,0,1800,'ACTIVA',3,'BAJA');
INSERT INTO Reservas VALUES ('R0254','U0254',9,SYSDATE-2,SYSDATE,2,2,2500,'ACTIVA',2,'ALTA');
INSERT INTO Reservas VALUES ('R0255','U0255',10,SYSDATE-1,SYSDATE,2,0,2000,'ACTIVA',1,'BAJA');

INSERT INTO Reservas VALUES ('R0256','U0256',11,SYSDATE-6,SYSDATE-1,2,1,2200,'FINALIZADA',5,'ALTA');
INSERT INTO Reservas VALUES ('R0257','U0257',12,SYSDATE-7,SYSDATE-2,2,0,2100,'FINALIZADA',5,'BAJA');
INSERT INTO Reservas VALUES ('R0258','U0258',13,SYSDATE-8,SYSDATE-3,1,1,1900,'FINALIZADA',5,'ALTA');
INSERT INTO Reservas VALUES ('R0259','U0259',14,SYSDATE-9,SYSDATE-4,2,0,2000,'FINALIZADA',5,'BAJA');
INSERT INTO Reservas VALUES ('R0260','U0260',15,SYSDATE-10,SYSDATE-5,2,2,2600,'FINALIZADA',5,'ALTA');

INSERT INTO Reservas VALUES ('R0261','U0261',1,SYSDATE-5,SYSDATE,2,0,2000,'ACTIVA',5,'ALTA');
INSERT INTO Reservas VALUES ('R0262','U0262',2,SYSDATE-4,SYSDATE,2,1,2100,'ACTIVA',4,'ALTA');
INSERT INTO Reservas VALUES ('R0263','U0263',3,SYSDATE-3,SYSDATE,1,0,1800,'ACTIVA',3,'BAJA');
INSERT INTO Reservas VALUES ('R0264','U0264',4,SYSDATE-2,SYSDATE,2,2,2500,'ACTIVA',2,'ALTA');
INSERT INTO Reservas VALUES ('R0265','U0265',5,SYSDATE-1,SYSDATE,2,0,2000,'ACTIVA',1,'BAJA');

INSERT INTO Reservas VALUES ('R0266','U0266',6,SYSDATE-6,SYSDATE-1,2,1,2200,'FINALIZADA',5,'ALTA');
INSERT INTO Reservas VALUES ('R0267','U0267',7,SYSDATE-7,SYSDATE-2,2,0,2100,'FINALIZADA',5,'BAJA');
INSERT INTO Reservas VALUES ('R0268','U0268',8,SYSDATE-8,SYSDATE-3,1,1,1900,'FINALIZADA',5,'ALTA');
INSERT INTO Reservas VALUES ('R0269','U0269',9,SYSDATE-9,SYSDATE-4,2,0,2000,'FINALIZADA',5,'BAJA');
INSERT INTO Reservas VALUES ('R0270','U0270',10,SYSDATE-10,SYSDATE-5,2,2,2600,'FINALIZADA',5,'ALTA');

INSERT INTO Reservas VALUES ('R0271','U0271',11,SYSDATE-5,SYSDATE,2,0,2000,'ACTIVA',5,'ALTA');
INSERT INTO Reservas VALUES ('R0272','U0272',12,SYSDATE-4,SYSDATE,2,1,2100,'ACTIVA',4,'ALTA');
INSERT INTO Reservas VALUES ('R0273','U0273',13,SYSDATE-3,SYSDATE,1,0,1800,'ACTIVA',3,'BAJA');
INSERT INTO Reservas VALUES ('R0274','U0274',14,SYSDATE-2,SYSDATE,2,2,2500,'ACTIVA',2,'ALTA');
INSERT INTO Reservas VALUES ('R0275','U0275',15,SYSDATE-1,SYSDATE,2,0,2000,'ACTIVA',1,'BAJA');

INSERT INTO Reservas VALUES ('R0276','U0276',1,SYSDATE-6,SYSDATE-1,2,1,2200,'FINALIZADA',5,'ALTA');
INSERT INTO Reservas VALUES ('R0277','U0277',2,SYSDATE-7,SYSDATE-2,2,0,2100,'FINALIZADA',5,'BAJA');
INSERT INTO Reservas VALUES ('R0278','U0278',3,SYSDATE-8,SYSDATE-3,1,1,1900,'FINALIZADA',5,'ALTA');
INSERT INTO Reservas VALUES ('R0279','U0279',4,SYSDATE-9,SYSDATE-4,2,0,2000,'FINALIZADA',5,'BAJA');
INSERT INTO Reservas VALUES ('R0280','U0280',5,SYSDATE-10,SYSDATE-5,2,2,2600,'FINALIZADA',5,'ALTA');

INSERT INTO Reservas VALUES ('R0281','U0281',6,SYSDATE-5,SYSDATE,2,0,2000,'ACTIVA',5,'ALTA');
INSERT INTO Reservas VALUES ('R0282','U0282',7,SYSDATE-4,SYSDATE,2,1,2100,'ACTIVA',4,'ALTA');
INSERT INTO Reservas VALUES ('R0283','U0283',8,SYSDATE-3,SYSDATE,1,0,1800,'ACTIVA',3,'BAJA');
INSERT INTO Reservas VALUES ('R0284','U0284',9,SYSDATE-2,SYSDATE,2,2,2500,'ACTIVA',2,'ALTA');
INSERT INTO Reservas VALUES ('R0285','U0285',10,SYSDATE-1,SYSDATE,2,0,2000,'ACTIVA',1,'BAJA');

INSERT INTO Reservas VALUES ('R0286','U0286',11,SYSDATE-6,SYSDATE-1,2,1,2200,'FINALIZADA',5,'ALTA');
INSERT INTO Reservas VALUES ('R0287','U0287',12,SYSDATE-7,SYSDATE-2,2,0,2100,'FINALIZADA',5,'BAJA');
INSERT INTO Reservas VALUES ('R0288','U0288',13,SYSDATE-8,SYSDATE-3,1,1,1900,'FINALIZADA',5,'ALTA');
INSERT INTO Reservas VALUES ('R0289','U0289',14,SYSDATE-9,SYSDATE-4,2,0,2000,'FINALIZADA',5,'BAJA');
INSERT INTO Reservas VALUES ('R0290','U0290',15,SYSDATE-10,SYSDATE-5,2,2,2600,'FINALIZADA',5,'ALTA');

INSERT INTO Reservas VALUES ('R0291','U0291',1,SYSDATE-5,SYSDATE,2,0,2000,'ACTIVA',5,'ALTA');
INSERT INTO Reservas VALUES ('R0292','U0292',2,SYSDATE-4,SYSDATE,2,1,2100,'ACTIVA',4,'ALTA');
INSERT INTO Reservas VALUES ('R0293','U0293',3,SYSDATE-3,SYSDATE,1,0,1800,'ACTIVA',3,'BAJA');
INSERT INTO Reservas VALUES ('R0294','U0294',4,SYSDATE-2,SYSDATE,2,2,2500,'ACTIVA',2,'ALTA');
INSERT INTO Reservas VALUES ('R0295','U0295',5,SYSDATE-1,SYSDATE,2,0,2000,'ACTIVA',1,'BAJA');

INSERT INTO Reservas VALUES ('R0296','U0296',6,SYSDATE-6,SYSDATE-1,2,1,2200,'FINALIZADA',5,'ALTA');
INSERT INTO Reservas VALUES ('R0297','U0297',7,SYSDATE-7,SYSDATE-2,2,0,2100,'FINALIZADA',5,'BAJA');
INSERT INTO Reservas VALUES ('R0298','U0298',8,SYSDATE-8,SYSDATE-3,1,1,1900,'FINALIZADA',5,'ALTA');
INSERT INTO Reservas VALUES ('R0299','U0299',9,SYSDATE-9,SYSDATE-4,2,0,2000,'FINALIZADA',5,'BAJA');
INSERT INTO Reservas VALUES ('R0300','U0300',10,SYSDATE-10,SYSDATE-5,2,2,2600,'FINALIZADA',5,'ALTA');